code,description,description_prefix,description_name,active_tags_count,active_tags,has_general,specific_tags_count,start_date,end_date,displacement_date,AISLACIONES,AREAS COMUNES,ARQUITECTURA,C1 MOVIMIENTO DE SUELO,C10 INSTALADOR GEOTEXTIL,C2 OOCC Y DESAGUES,C3 GALPONERO,C4 MONTAJES,C5 INSTALACION ELECTRICA,C6 ALAMBRADOR,C7 POLIURETANO,C8 COMPRAS,C9 LOGISTICA,CHECKPOINTS,CHEQUEO NIVEL PISOS NAVE,ESTRUCTURA,GENERAL,INFRAESTRUCTURA EXTERIOR,INSTALACION DESAGUE,INSTALACION ELECTRICA,INSTALACION GAS,INSTALACION SANITARIA,INTERSALA 1,LAGUNA,MONTAJE,MOVIMIENTO DE SUELO,NAVE 1,NIVELACION TERRAPLEN,PLANTA AGUA,PLANTA GAS,PRUEBAS HERMETICIDAD,REPLANTEO MUROS NAVE,SALA RECEPCION 1,SALA TABLEROS,SALA TERMINACION 1,VESTUARIOS
010UT,ST1_MONTAJE EQUIPOS INSTALACION GAS,ST1,MONTAJE EQUIPOS INSTALACION GAS,5,C4 MONTAJES | GENERAL | INSTALACION GAS | NAVE 1 | SALA TERMINACION 1,1,4,18/12/2025,01/01/2026,22/05/2026,0,0,0,0,0,0,0,1,0,0,0,0,0,0,0,0,1,0,0,0,1,0,0,0,0,0,1,0,0,0,0,0,0,0,1,0
010VD,IS1_SISTEMA DE LLUVIAS,IS1,SISTEMA DE LLUVIAS,5,C4 MONTAJES | GENERAL | INSTALACION SANITARIA | INTERSALA 1 | NAVE 1,1,4,17/10/2025,22/10/2025,27/02/2026,0,0,0,0,0,0,0,1,0,0,0,0,0,0,0,0,1,0,0,0,0,1,1,0,0,0,1,0,0,0,0,0,0,0,0,0
010SD,N1_CONEXIONES DE AGUA PARA LAVADO,N1,CONEXIONES DE AGUA PARA LAVADO,4,C4 MONTAJES | GENERAL | INSTALACION SANITARIA | NAVE 1,1,3,20/11/2025,31/12/2025,13/03/2026,0,0,0,0,0,0,0,1,0,0,0,0,0,0,0,0,1,0,0,0,0,1,0,0,0,0,1,0,0,0,0,0,0,0,0,0
010TG,SR1_CARGADOR,SR1,CARGADOR,5,ARQUITECTURA | C2 OOCC Y DESAGUES | GENERAL | NAVE 1 | SALA RECEPCION 1,1,4,19/12/2025,02/01/2026,13/03/2026,0,0,1,0,0,1,0,0,0,0,0,0,0,0,0,0,1,0,0,0,0,0,0,0,0,0,1,0,0,0,0,0,1,0,0,0
010US,ST1_CONDUCTOS INSTALACION GAS,ST1,CONDUCTOS INSTALACION GAS,5,C4 MONTAJES | GENERAL | INSTALACION GAS | NAVE 1 | SALA TERMINACION 1,1,4,18/12/2025,01/01/2026,22/05/2026,0,0,0,0,0,0,0,1,0,0,0,0,0,0,0,0,1,0,0,0,1,0,0,0,0,0,1,0,0,0,0,0,0,0,1,0
010SM,N1_APLICACION ESPUMA POLIURETANO,N1,APLICACION ESPUMA POLIURETANO,4,AISLACIONES | C7 POLIURETANO | GENERAL | NAVE 1,1,3,18/12/2025,01/01/2026,26/03/2026,1,0,0,0,0,0,0,0,0,0,1,0,0,0,0,0,1,0,0,0,0,0,0,0,0,0,1,0,0,0,0,0,0,0,0,0
010TR,SR1_VERIFICACION PUESTA EN MARCHA GAS,SR1,VERIFICACION PUESTA EN MARCHA GAS,5,C4 MONTAJES | GENERAL | INSTALACION GAS | NAVE 1 | SALA RECEPCION 1,1,4,11/03/2026,16/03/2026,16/03/2026,0,0,0,0,0,0,0,1,0,0,0,0,0,0,0,0,1,0,0,0,1,0,0,0,0,0,1,0,0,0,0,0,1,0,0,0
010UM,ST1_CAMARA DE INSPECCION 3,ST1,CAMARA DE INSPECCION 3,5,C2 OOCC Y DESAGUES | GENERAL | INSTALACION DESAGUE | NAVE 1 | SALA TERMINACION 1,1,4,16/10/2025,21/10/2025,13/03/2026,0,0,0,0,0,1,0,0,0,0,0,0,0,0,0,0,1,0,1,0,0,0,0,0,0,0,1,0,0,0,0,0,0,0,1,0
010V0,ST1_MONTAJE TEJIDOS ANTIPAJAROS,ST1,MONTAJE TEJIDOS ANTIPAJAROS,5,C4 MONTAJES | GENERAL | MONTAJE | NAVE 1 | SALA TERMINACION 1,1,4,09/12/2025,12/12/2025,27/02/2026,0,0,0,0,0,0,0,1,0,0,0,0,0,0,0,0,1,0,0,0,0,0,0,0,1,0,1,0,0,0,0,0,0,0,1,0
010VT,ST1_PRUEBA HERMETICIDAD DESAGUE 6,ST1,PRUEBA HERMETICIDAD DESAGUE 6,5,CHECKPOINTS | GENERAL | INSTALACION DESAGUE | PRUEBAS HERMETICIDAD | SALA TERMINACION 1,1,4,24/02/2026,27/02/2026,25/07/2026,0,0,0,0,0,0,0,0,0,0,0,0,0,1,0,0,1,0,1,0,0,0,0,0,0,0,0,0,0,0,1,0,0,0,1,0
00T9C,TRONCAL DE EFLUENTES,,TRONCAL DE EFLUENTES,5,AREAS COMUNES | C2 OOCC Y DESAGUES | GENERAL | INFRAESTRUCTURA EXTERIOR | INSTALACION DESAGUE,1,4,19/11/2025,03/12/2025,13/03/2026,0,1,0,0,0,1,0,0,0,0,0,0,0,0,0,0,1,1,1,0,0,0,0,0,0,0,0,0,0,0,0,0,0,0,0,0
00T9F,TENDIDO DE GAS EXTERNO,,TENDIDO DE GAS EXTERNO,5,AREAS COMUNES | C4 MONTAJES | GENERAL | INFRAESTRUCTURA EXTERIOR | INSTALACION GAS,1,4,08/12/2025,31/12/2025,13/03/2026,0,1,0,0,0,0,0,1,0,0,0,0,0,0,0,0,1,1,0,0,1,0,0,0,0,0,0,0,0,0,0,0,0,0,0,0
00WV1,PA_TANQUE DOSIFICADOR DESINFECTANTE,PA,TANQUE DOSIFICADOR DESINFECTANTE,5,AREAS COMUNES | C4 MONTAJES | GENERAL | INSTALACION SANITARIA | PLANTA AGUA,1,4,21/10/2025,03/12/2025,13/03/2026,0,1,0,0,0,0,0,1,0,0,0,0,0,0,0,0,1,0,0,0,0,1,0,0,0,0,0,0,1,0,0,0,0,0,0,0
00WVQ,VESTUARIOS_PISO DUCHAS,VESTUARIOS,PISO DUCHAS,5,AREAS COMUNES | ARQUITECTURA | C2 OOCC Y DESAGUES | GENERAL | VESTUARIOS,1,4,01/11/2025,05/11/2025,21/11/2025,0,1,1,0,0,1,0,0,0,0,0,0,0,0,0,0,1,0,0,0,0,0,0,0,0,0,0,0,0,0,0,0,0,0,0,1
010SS,N1_COMPRA REJAS CORRALES,N1,COMPRA REJAS CORRALES,4,C8 COMPRAS | GENERAL | MONTAJE | NAVE 1,1,3,18/07/2025,01/08/2025,26/08/2025,0,0,0,0,0,0,0,0,0,0,0,1,0,0,0,0,1,0,0,0,0,0,0,0,1,0,1,0,0,0,0,0,0,0,0,0
010TC,SR1_PISO FOSA LONJA OESTE,SR1,PISO FOSA LONJA OESTE,5,ARQUITECTURA | C2 OOCC Y DESAGUES | GENERAL | NAVE 1 | SALA RECEPCION 1,1,4,26/09/2025,21/10/2025,27/02/2026,0,0,1,0,0,1,0,0,0,0,0,0,0,0,0,0,1,0,0,0,0,0,0,0,0,0,1,0,0,0,0,0,1,0,0,0
010UW,ST1_MONTAJE CORTINAS,ST1,MONTAJE CORTINAS,5,C4 MONTAJES | GENERAL | MONTAJE | NAVE 1 | SALA TERMINACION 1,1,4,20/11/2025,25/11/2025,13/03/2026,0,0,0,0,0,0,0,1,0,0,0,0,0,0,0,0,1,0,0,0,0,0,0,0,1,0,1,0,0,0,0,0,0,0,1,0
010VH,IS1_CONTROLADOR,IS1,CONTROLADOR,5,C5 INSTALACION ELECTRICA | GENERAL | INSTALACION ELECTRICA | INTERSALA 1 | NAVE 1,1,4,17/10/2025,22/10/2025,13/03/2026,0,0,0,0,0,0,0,0,1,0,0,0,0,0,0,0,1,0,0,1,0,0,1,0,0,0,1,0,0,0,0,0,0,0,0,0
00WUV,PA_MOVIMIENTO SUELO,PA,MOVIMIENTO SUELO,5,AREAS COMUNES | C1 MOVIMIENTO DE SUELO | GENERAL | MOVIMIENTO DE SUELO | PLANTA AGUA,1,4,26/09/2025,10/10/2025,10/10/2025,0,1,0,1,0,0,0,0,0,0,0,0,0,0,0,0,1,0,0,0,0,0,0,0,0,1,0,0,1,0,0,0,0,0,0,0
00WVI,ST_GRUPO ELECTROGENO,ST,GRUPO ELECTROGENO,5,AREAS COMUNES | C5 INSTALACION ELECTRICA | GENERAL | INSTALACION ELECTRICA | SALA TABLEROS,1,4,26/11/2025,10/12/2025,16/12/2025,0,1,0,0,0,0,0,0,1,0,0,0,0,0,0,0,1,0,0,1,0,0,0,0,0,0,0,0,0,0,0,0,0,1,0,0
00WVN,VESTUARIOS_PISO PLATEA DE FUNDACION,VESTUARIOS,PISO PLATEA DE FUNDACION,5,AREAS COMUNES | ARQUITECTURA | C2 OOCC Y DESAGUES | GENERAL | VESTUARIOS,1,4,04/10/2025,17/10/2025,21/11/2025,0,1,1,0,0,1,0,0,0,0,0,0,0,0,0,0,1,0,0,0,0,0,0,0,0,0,0,0,0,0,0,0,0,0,0,1
010TQ,SR1_MONTAJE EQUIPOS INSTALACION GAS,SR1,MONTAJE EQUIPOS INSTALACION GAS,5,C4 MONTAJES | GENERAL | INSTALACION GAS | NAVE 1 | SALA RECEPCION 1,1,4,03/12/2025,17/12/2025,27/02/2026,0,0,0,0,0,0,0,1,0,0,0,0,0,0,0,0,1,0,0,0,1,0,0,0,0,0,1,0,0,0,0,0,1,0,0,0
010VB,IS1_CERRAMIENTO TIMPANO,IS1,CERRAMIENTO TIMPANO,5,ARQUITECTURA | C2 OOCC Y DESAGUES | GENERAL | INTERSALA 1 | NAVE 1,1,4,09/10/2025,14/10/2025,27/02/2026,0,0,1,0,0,1,0,0,0,0,0,0,0,0,0,0,1,0,0,0,0,0,1,0,0,0,1,0,0,0,0,0,0,0,0,0
010VF,IS1_REJA DE TRASPASO,IS1,REJA DE TRASPASO,5,C4 MONTAJES | GENERAL | INTERSALA 1 | MONTAJE | NAVE 1,1,4,18/12/2025,23/12/2025,13/03/2026,0,0,0,0,0,0,0,1,0,0,0,0,0,0,0,0,1,0,0,0,0,0,1,0,1,0,1,0,0,0,0,0,0,0,0,0
010S1,N1_TRAMO COLECTOR 3,N1,TRAMO COLECTOR 3,4,C2 OOCC Y DESAGUES | GENERAL | INSTALACION DESAGUE | NAVE 1,1,3,01/01/2026,15/01/2026,21/11/2025,0,0,0,0,0,1,0,0,0,0,0,0,0,0,0,0,1,0,1,0,0,0,0,0,0,0,1,0,0,0,0,0,0,0,0,0
010S7,N1_CUBIERTA CHAPA,N1,CUBIERTA CHAPA,4,C3 GALPONERO | ESTRUCTURA | GENERAL | NAVE 1,1,3,21/11/2025,05/12/2025,27/02/2026,0,0,0,0,0,0,1,0,0,0,0,0,0,0,0,1,1,0,0,0,0,0,0,0,0,0,1,0,0,0,0,0,0,0,0,0
010T9,SR1_MURO FOSA INTERIOR,SR1,MURO FOSA INTERIOR,5,ARQUITECTURA | C2 OOCC Y DESAGUES | GENERAL | NAVE 1 | SALA RECEPCION 1,1,4,22/10/2025,27/10/2025,27/02/2026,0,0,1,0,0,1,0,0,0,0,0,0,0,0,0,0,1,0,0,0,0,0,0,0,0,0,1,0,0,0,0,0,1,0,0,0
010SP,N1_COMPRA SLATS,N1,COMPRA SLATS,4,ARQUITECTURA | C8 COMPRAS | GENERAL | NAVE 1,1,3,09/09/2025,12/09/2025,12/09/2025,0,0,1,0,0,0,0,0,0,0,0,1,0,0,0,0,1,0,0,0,0,0,0,0,0,0,1,0,0,0,0,0,0,0,0,0
010TZ,SR1_MONTAJE TEJIDOS ANTIPAJAROS,SR1,MONTAJE TEJIDOS ANTIPAJAROS,5,C4 MONTAJES | GENERAL | MONTAJE | NAVE 1 | SALA RECEPCION 1,1,4,09/12/2025,12/12/2025,13/03/2026,0,0,0,0,0,0,0,1,0,0,0,0,0,0,0,0,1,0,0,0,0,0,0,0,1,0,1,0,0,0,0,0,1,0,0,0
010UB,ST1_INSTALACION SLATS,ST1,INSTALACION SLATS,5,ARQUITECTURA | C2 OOCC Y DESAGUES | GENERAL | NAVE 1 | SALA TERMINACION 1,1,4,12/11/2025,17/11/2025,13/03/2026,0,0,1,0,0,1,0,0,0,0,0,0,0,0,0,0,1,0,0,0,0,0,0,0,0,0,1,0,0,0,0,0,0,0,1,0
010UK,ST1_HORMIGONADO COLUMNAS,ST1,HORMIGONADO COLUMNAS,5,ARQUITECTURA | C2 OOCC Y DESAGUES | GENERAL | NAVE 1 | SALA TERMINACION 1,1,4,02/10/2025,14/11/2025,27/02/2026,0,0,1,0,0,1,0,0,0,0,0,0,0,0,0,0,1,0,0,0,0,0,0,0,0,0,1,0,0,0,0,0,0,0,1,0
010VQ,SR1_PRUEBA HERMETICIDAD DESAGUE 3,SR1,PRUEBA HERMETICIDAD DESAGUE 3,5,CHECKPOINTS | GENERAL | INSTALACION DESAGUE | PRUEBAS HERMETICIDAD | SALA RECEPCION 1,1,4,24/02/2026,27/02/2026,27/02/2026,0,0,0,0,0,0,0,0,0,0,0,0,0,1,0,0,1,0,1,0,0,0,0,0,0,0,0,0,0,0,1,0,1,0,0,0
00S39,ESTACION DE BOMBEO,,ESTACION DE BOMBEO,5,AREAS COMUNES | C2 OOCC Y DESAGUES | GENERAL | INFRAESTRUCTURA EXTERIOR | INSTALACION DESAGUE,1,4,19/11/2025,03/12/2025,13/03/2026,0,1,0,0,0,1,0,0,0,0,0,0,0,0,0,0,1,1,1,0,0,0,0,0,0,0,0,0,0,0,0,0,0,0,0,0
00WUZ,PA_BOMBAS,PA,BOMBAS,5,AREAS COMUNES | C4 MONTAJES | GENERAL | INSTALACION SANITARIA | PLANTA AGUA,1,4,21/10/2025,03/12/2025,13/03/2026,0,1,0,0,0,0,0,1,0,0,0,0,0,0,0,0,1,0,0,0,0,1,0,0,0,0,0,0,1,0,0,0,0,0,0,0
00WVF,ST_CHAPA,ST,CHAPA,5,AREAS COMUNES | ARQUITECTURA | C2 OOCC Y DESAGUES | GENERAL | SALA TABLEROS,1,4,01/12/2025,04/12/2025,13/03/2026,0,1,1,0,0,1,0,0,0,0,0,0,0,0,0,0,1,0,0,0,0,0,0,0,0,0,0,0,0,0,0,0,0,1,0,0
010VU,ST1_PRUEBA HERMETICIDAD DESAGUE 7,ST1,PRUEBA HERMETICIDAD DESAGUE 7,5,CHECKPOINTS | GENERAL | INSTALACION DESAGUE | PRUEBAS HERMETICIDAD | SALA TERMINACION 1,1,4,24/02/2026,27/02/2026,25/07/2026,0,0,0,0,0,0,0,0,0,0,0,0,0,1,0,0,1,0,1,0,0,0,0,0,0,0,0,0,0,0,1,0,0,0,1,0
010VW,SR1_CHEQUEO REPLANTEO MUROS,SR1,CHEQUEO REPLANTEO MUROS,5,ARQUITECTURA | CHECKPOINTS | GENERAL | REPLANTEO MUROS NAVE | SALA RECEPCION 1,1,4,04/12/2025,04/12/2025,27/02/2026,0,0,1,0,0,0,0,0,0,0,0,0,0,1,0,0,1,0,0,0,0,0,0,0,0,0,0,0,0,0,0,1,1,0,0,0
00WW6,VESTUARIOS_LUMINARIAS EXTERIORES,VESTUARIOS,LUMINARIAS EXTERIORES,5,AREAS COMUNES | C5 INSTALACION ELECTRICA | GENERAL | INSTALACION ELECTRICA | VESTUARIOS,1,4,13/12/2025,17/12/2025,13/03/2026,0,1,0,0,0,0,0,0,1,0,0,0,0,0,0,0,1,0,0,1,0,0,0,0,0,0,0,0,0,0,0,0,0,0,0,1
010SA,N1_CANERIAS LLENADO FOSA,N1,CANERIAS LLENADO FOSA,4,C4 MONTAJES | GENERAL | INSTALACION SANITARIA | NAVE 1,1,3,20/11/2025,31/12/2025,13/03/2026,0,0,0,0,0,0,0,1,0,0,0,0,0,0,0,0,1,0,0,0,0,1,0,0,0,0,1,0,0,0,0,0,0,0,0,0
010TN,SR1_BABERO DE CHAPA,SR1,BABERO DE CHAPA,5,C3 GALPONERO | ESTRUCTURA | GENERAL | NAVE 1 | SALA RECEPCION 1,1,4,09/12/2025,12/12/2025,27/02/2026,0,0,0,0,0,0,1,0,0,0,0,0,0,0,0,1,1,0,0,0,0,0,0,0,0,0,1,0,0,0,0,0,1,0,0,0
010V3,ST1_COMPRA COMEDEROS Y TAPETES,ST1,COMPRA COMEDEROS Y TAPETES,5,C8 COMPRAS | GENERAL | MONTAJE | NAVE 1 | SALA TERMINACION 1,1,4,25/08/2025,07/10/2025,07/10/2025,0,0,0,0,0,0,0,0,0,0,0,1,0,0,0,0,1,0,0,0,0,0,0,0,1,0,1,0,0,0,0,0,0,0,1,0
00S38,VEREDAS DE SERVICIOS,,VEREDAS DE SERVICIOS,5,AREAS COMUNES | ARQUITECTURA | C2 OOCC Y DESAGUES | GENERAL | INFRAESTRUCTURA EXTERIOR,1,4,19/09/2025,22/12/2025,13/03/2026,0,1,1,0,0,1,0,0,0,0,0,0,0,0,0,0,1,1,0,0,0,0,0,0,0,0,0,0,0,0,0,0,0,0,0,0
00WUX,PA_PLATEA,PA,PLATEA,5,AREAS COMUNES | ARQUITECTURA | C2 OOCC Y DESAGUES | GENERAL | PLANTA AGUA,1,4,26/09/2025,30/10/2025,21/11/2025,0,1,1,0,0,1,0,0,0,0,0,0,0,0,0,0,1,0,0,0,0,0,0,0,0,0,0,0,1,0,0,0,0,0,0,0
00WV8,LAGUNA_MEMBRANA GEOTEXTIL,LAGUNA,MEMBRANA GEOTEXTIL,5,AISLACIONES | AREAS COMUNES | C10 INSTALADOR GEOTEXTIL | GENERAL | LAGUNA,1,4,29/01/2026,09/02/2026,13/03/2026,1,1,0,0,1,0,0,0,0,0,0,0,0,0,0,0,1,0,0,0,0,0,0,1,0,0,0,0,0,0,0,0,0,0,0,0
010TY,SR1_MONTAJE SILOS,SR1,MONTAJE SILOS,5,C4 MONTAJES | GENERAL | MONTAJE | NAVE 1 | SALA RECEPCION 1,1,4,11/12/2025,05/01/2026,16/04/2026,0,0,0,0,0,0,0,1,0,0,0,0,0,0,0,0,1,0,0,0,0,0,0,0,1,0,1,0,0,0,0,0,1,0,0,0
010UZ,ST1_MONTAJE SILOS,ST1,MONTAJE SILOS,5,C4 MONTAJES | GENERAL | MONTAJE | NAVE 1 | SALA TERMINACION 1,1,4,11/12/2025,05/01/2026,16/06/2026,0,0,0,0,0,0,0,1,0,0,0,0,0,0,0,0,1,0,0,0,0,0,0,0,1,0,1,0,0,0,0,0,0,0,1,0
010VV,ST1_PRUEBA HERMETICIDAD DESAGUE 8,ST1,PRUEBA HERMETICIDAD DESAGUE 8,5,CHECKPOINTS | GENERAL | INSTALACION DESAGUE | PRUEBAS HERMETICIDAD | SALA TERMINACION 1,1,4,24/02/2026,27/02/2026,25/07/2026,0,0,0,0,0,0,0,0,0,0,0,0,0,1,0,0,1,0,1,0,0,0,0,0,0,0,0,0,0,0,1,0,0,0,1,0
00WV5,PG_INSTALACIONES,PG,INSTALACIONES,5,AREAS COMUNES | C4 MONTAJES | GENERAL | INSTALACION GAS | PLANTA GAS,1,4,08/01/2026,28/01/2026,13/03/2026,0,1,0,0,0,0,0,1,0,0,0,0,0,0,0,0,1,0,0,0,1,0,0,0,0,0,0,0,0,1,0,0,0,0,0,0
010S0,N1_TRAMO COLECTOR 2,N1,TRAMO COLECTOR 2,4,C2 OOCC Y DESAGUES | GENERAL | INSTALACION DESAGUE | NAVE 1,1,3,01/01/2026,15/01/2026,13/03/2026,0,0,0,0,0,1,0,0,0,0,0,0,0,0,0,0,1,0,1,0,0,0,0,0,0,0,1,0,0,0,0,0,0,0,0,0
010SG,N1_MONTAJE BANDEJAS PORTACABLES,N1,MONTAJE BANDEJAS PORTACABLES,4,C4 MONTAJES | GENERAL | MONTAJE | NAVE 1,1,3,05/01/2026,08/01/2026,27/02/2026,0,0,0,0,0,0,0,1,0,0,0,0,0,0,0,0,1,0,0,0,0,0,0,0,1,0,1,0,0,0,0,0,0,0,0,0
010UR,ST1_INSTALACION DESAGUES 8,ST1,INSTALACION DESAGUES 8,5,C2 OOCC Y DESAGUES | GENERAL | INSTALACION DESAGUE | NAVE 1 | SALA TERMINACION 1,1,4,09/09/2025,23/09/2025,18/02/2026,0,0,0,0,0,1,0,0,0,0,0,0,0,0,0,0,1,0,1,0,0,0,0,0,0,0,1,0,0,0,0,0,0,0,1,0
010RZ,N1_TRAMO COLECTOR 1,N1,TRAMO COLECTOR 1,4,C2 OOCC Y DESAGUES | GENERAL | INSTALACION DESAGUE | NAVE 1,1,3,01/01/2026,15/01/2026,13/03/2026,0,0,0,0,0,1,0,0,0,0,0,0,0,0,0,0,1,0,1,0,0,0,0,0,0,0,1,0,0,0,0,0,0,0,0,0
010UF,ST1_MURO FOSA INTERIOR,ST1,MURO FOSA INTERIOR,5,ARQUITECTURA | C2 OOCC Y DESAGUES | GENERAL | NAVE 1 | SALA TERMINACION 1,1,4,22/10/2025,27/10/2025,27/02/2026,0,0,1,0,0,1,0,0,0,0,0,0,0,0,0,0,1,0,0,0,0,0,0,0,0,0,1,0,0,0,0,0,0,0,1,0
010UJ,ST1_PLATEA SILOS,ST1,PLATEA SILOS,5,ARQUITECTURA | C2 OOCC Y DESAGUES | GENERAL | NAVE 1 | SALA TERMINACION 1,1,4,15/09/2025,18/09/2025,27/02/2026,0,0,1,0,0,1,0,0,0,0,0,0,0,0,0,0,1,0,0,0,0,0,0,0,0,0,1,0,0,0,0,0,0,0,1,0
010SV,N1_LOGISTICA INSTALACION GAS,N1,LOGISTICA INSTALACION GAS,4,C9 LOGISTICA | GENERAL | INSTALACION GAS | NAVE 1,1,3,25/09/2025,30/09/2025,18/02/2026,0,0,0,0,0,0,0,0,0,0,0,0,1,0,0,0,1,0,0,0,1,0,0,0,0,0,1,0,0,0,0,0,0,0,0,0
010TU,SR1_MONTAJE CORTINAS,SR1,MONTAJE CORTINAS,5,C4 MONTAJES | GENERAL | MONTAJE | NAVE 1 | SALA RECEPCION 1,1,4,20/11/2025,25/11/2025,13/03/2026,0,0,0,0,0,0,0,1,0,0,0,0,0,0,0,0,1,0,0,0,0,0,0,0,1,0,1,0,0,0,0,0,1,0,0,0
00WV2,PA_TANQUES,PA,TANQUES,5,AREAS COMUNES | C4 MONTAJES | GENERAL | INSTALACION SANITARIA | PLANTA AGUA,1,4,21/10/2025,03/12/2025,27/02/2026,0,1,0,0,0,0,0,1,0,0,0,0,0,0,0,0,1,0,0,0,0,1,0,0,0,0,0,0,1,0,0,0,0,0,0,0
00WV7,LAGUNA_MOVIMIENTO DE TIERRA,LAGUNA,MOVIMIENTO DE TIERRA,5,AREAS COMUNES | C1 MOVIMIENTO DE SUELO | GENERAL | LAGUNA | MOVIMIENTO DE SUELO,1,4,07/11/2025,29/01/2026,13/03/2026,0,1,0,1,0,0,0,0,0,0,0,0,0,0,0,0,1,0,0,0,0,0,0,1,0,1,0,0,0,0,0,0,0,0,0,0
010S5,N1_COLOCACION COLUMNAS RETICULADAS,N1,COLOCACION COLUMNAS RETICULADAS,4,C3 GALPONERO | ESTRUCTURA | GENERAL | NAVE 1,1,3,10/10/2025,30/10/2025,16/12/2025,0,0,0,0,0,0,1,0,0,0,0,0,0,0,0,1,1,0,0,0,0,0,0,0,0,0,1,0,0,0,0,0,0,0,0,0
010RX,N1_MOVIMIENTO SUELO SUBBASE,N1,MOVIMIENTO SUELO SUBBASE,4,C1 MOVIMIENTO DE SUELO | GENERAL | MOVIMIENTO DE SUELO | NAVE 1,1,3,27/08/2025,01/09/2025,18/02/2026,0,0,0,1,0,0,0,0,0,0,0,0,0,0,0,0,1,0,0,0,0,0,0,0,0,1,1,0,0,0,0,0,0,0,0,0
010SF,N1_INSTALACION CADENA Y VELAS,N1,INSTALACION CADENA Y VELAS,4,C4 MONTAJES | GENERAL | MONTAJE | NAVE 1,1,3,12/12/2025,26/12/2025,20/03/2026,0,0,0,0,0,0,0,1,0,0,0,0,0,0,0,0,1,0,0,0,0,0,0,0,1,0,1,0,0,0,0,0,0,0,0,0
010UE,ST1_MURO COMPUESTO SUR,ST1,MURO COMPUESTO SUR,5,ARQUITECTURA | C2 OOCC Y DESAGUES | GENERAL | NAVE 1 | SALA TERMINACION 1,1,4,21/10/2025,04/11/2025,13/03/2026,0,0,1,0,0,1,0,0,0,0,0,0,0,0,0,0,1,0,0,0,0,0,0,0,0,0,1,0,0,0,0,0,0,0,1,0
010VA,IS1_PISO HORMIGON,IS1,PISO HORMIGON,5,ARQUITECTURA | C2 OOCC Y DESAGUES | GENERAL | INTERSALA 1 | NAVE 1,1,4,26/09/2025,21/10/2025,27/02/2026,0,0,1,0,0,1,0,0,0,0,0,0,0,0,0,0,1,0,0,0,0,0,1,0,0,0,1,0,0,0,0,0,0,0,0,0
010VR,SR1_PRUEBA HERMETICIDAD DESAGUE 4,SR1,PRUEBA HERMETICIDAD DESAGUE 4,5,CHECKPOINTS | GENERAL | INSTALACION DESAGUE | PRUEBAS HERMETICIDAD | SALA RECEPCION 1,1,4,24/02/2026,27/02/2026,27/02/2026,0,0,0,0,0,0,0,0,0,0,0,0,0,1,0,0,1,0,1,0,0,0,0,0,0,0,0,0,0,0,1,0,1,0,0,0
00WVD,ST_PUERTA,ST,PUERTA,5,AREAS COMUNES | ARQUITECTURA | C2 OOCC Y DESAGUES | GENERAL | SALA TABLEROS,1,4,26/11/2025,01/12/2025,13/03/2026,0,1,1,0,0,1,0,0,0,0,0,0,0,0,0,0,1,0,0,0,0,0,0,0,0,0,0,0,0,0,0,0,0,1,0,0
00WVO,VESTUARIOS_MAMPOSTERIA,VESTUARIOS,MAMPOSTERIA,5,AREAS COMUNES | ARQUITECTURA | C2 OOCC Y DESAGUES | GENERAL | VESTUARIOS,1,4,21/10/2025,24/10/2025,18/02/2026,0,1,1,0,0,1,0,0,0,0,0,0,0,0,0,0,1,0,0,0,0,0,0,0,0,0,0,0,0,0,0,0,0,0,0,1
00WW1,VESTUARIOS_VENTILACION GAS,VESTUARIOS,VENTILACION GAS,5,AREAS COMUNES | C2 OOCC Y DESAGUES | GENERAL | INSTALACION GAS | VESTUARIOS,1,4,08/11/2025,12/11/2025,13/03/2026,0,1,0,0,0,1,0,0,0,0,0,0,0,0,0,0,1,0,0,0,1,0,0,0,0,0,0,0,0,0,0,0,0,0,0,1
010SU,N1_COMPRA SISTEMA DISTRIBUCION ALIMENTOS,N1,COMPRA SISTEMA DISTRIBUCION ALIMENTOS,4,C8 COMPRAS | GENERAL | MONTAJE | NAVE 1,1,3,18/06/2025,11/07/2025,26/08/2025,0,0,0,0,0,0,0,0,0,0,0,1,0,0,0,0,1,0,0,0,0,0,0,0,1,0,1,0,0,0,0,0,0,0,0,0
010U1,SR1_INSTALACION ELECTROMECANICA CORTINAS,SR1,INSTALACION ELECTROMECANICA CORTINAS,5,C5 INSTALACION ELECTRICA | GENERAL | INSTALACION ELECTRICA | NAVE 1 | SALA RECEPCION 1,1,4,18/12/2025,01/01/2026,13/03/2026,0,0,0,0,0,0,0,0,1,0,0,0,0,0,0,0,1,0,0,1,0,0,0,0,0,0,1,0,0,0,0,0,1,0,0,0
00WV6,PG_GRANEL,PG,GRANEL,5,AREAS COMUNES | C4 MONTAJES | GENERAL | INSTALACION GAS | PLANTA GAS,1,4,15/12/2025,09/01/2026,27/02/2026,0,1,0,0,0,0,0,1,0,0,0,0,0,0,0,0,1,0,0,0,1,0,0,0,0,0,0,0,0,1,0,0,0,0,0,0
00WVH,ST_ESTRUCTURA METALICA,ST,ESTRUCTURA METALICA,5,AREAS COMUNES | C3 GALPONERO | ESTRUCTURA | GENERAL | SALA TABLEROS,1,4,26/11/2025,01/12/2025,24/04/2026,0,1,0,0,0,0,1,0,0,0,0,0,0,0,0,1,1,0,0,0,0,0,0,0,0,0,0,0,0,0,0,0,0,1,0,0
00WW0,VESTUARIOS_INSTALACION GAS,VESTUARIOS,INSTALACION GAS,5,AREAS COMUNES | C2 OOCC Y DESAGUES | GENERAL | INSTALACION GAS | VESTUARIOS,1,4,08/11/2025,12/11/2025,13/03/2026,0,1,0,0,0,1,0,0,0,0,0,0,0,0,0,0,1,0,0,0,1,0,0,0,0,0,0,0,0,0,0,0,0,0,0,1
010U6,SR1_LOGISTICA COMEDEROS Y TAPETES,SR1,LOGISTICA COMEDEROS Y TAPETES,5,C9 LOGISTICA | GENERAL | MONTAJE | NAVE 1 | SALA RECEPCION 1,1,4,26/09/2025,30/10/2025,21/11/2025,0,0,0,0,0,0,0,0,0,0,0,0,1,0,0,0,1,0,0,0,0,0,0,0,1,0,1,0,0,0,0,0,1,0,0,0
00WVL,ST_REJILLA,ST,REJILLA,5,AREAS COMUNES | C4 MONTAJES | GENERAL | MONTAJE | SALA TABLEROS,1,4,26/11/2025,01/12/2025,13/03/2026,0,1,0,0,0,0,0,1,0,0,0,0,0,0,0,0,1,0,0,0,0,0,0,0,1,0,0,0,0,0,0,0,0,1,0,0
010TH,SR1_CAMARA DE INSPECCION 1,SR1,CAMARA DE INSPECCION 1,5,C2 OOCC Y DESAGUES | GENERAL | INSTALACION DESAGUE | NAVE 1 | SALA RECEPCION 1,1,4,16/10/2025,21/10/2025,27/02/2026,0,0,0,0,0,1,0,0,0,0,0,0,0,0,0,0,1,0,1,0,0,0,0,0,0,0,1,0,0,0,0,0,1,0,0,0
010TM,SR1_INSTALACION DESAGUES 4,SR1,INSTALACION DESAGUES 4,5,C2 OOCC Y DESAGUES | GENERAL | INSTALACION DESAGUE | NAVE 1 | SALA RECEPCION 1,1,4,10/10/2025,24/10/2025,27/02/2026,0,0,0,0,0,1,0,0,0,0,0,0,0,0,0,0,1,0,1,0,0,0,0,0,0,0,1,0,0,0,0,0,1,0,0,0
010T1,N1_LOGISTICA REJAS CUBRE CORTINAS,N1,LOGISTICA REJAS CUBRE CORTINAS,4,C9 LOGISTICA | GENERAL | MONTAJE | NAVE 1,1,3,27/08/2025,01/09/2025,18/02/2026,0,0,0,0,0,0,0,0,0,0,0,0,1,0,0,0,1,0,0,0,0,0,0,0,1,0,1,0,0,0,0,0,0,0,0,0
010V5,ST1_COMPRA TAPONES FOSA,ST1,COMPRA TAPONES FOSA,5,ARQUITECTURA | C8 COMPRAS | GENERAL | NAVE 1 | SALA TERMINACION 1,1,4,12/09/2025,17/09/2025,18/02/2026,0,0,1,0,0,0,0,0,0,0,0,1,0,0,0,0,1,0,0,0,0,0,0,0,0,0,1,0,0,0,0,0,0,0,1,0
00WUU,SUBESTACION TRANSFORMADORA,,SUBESTACION TRANSFORMADORA,5,AREAS COMUNES | C5 INSTALACION ELECTRICA | GENERAL | INFRAESTRUCTURA EXTERIOR | INSTALACION ELECTRICA,1,4,25/12/2025,26/02/2026,13/03/2026,0,1,0,0,0,0,0,0,1,0,0,0,0,0,0,0,1,1,0,1,0,0,0,0,0,0,0,0,0,0,0,0,0,0,0,0
010SQ,N1_COMPRA ESPUMA POLIURETANO,N1,COMPRA ESPUMA POLIURETANO,4,AISLACIONES | C8 COMPRAS | GENERAL | NAVE 1,1,3,28/08/2025,11/09/2025,11/09/2025,1,0,0,0,0,0,0,0,0,0,0,1,0,0,0,0,1,0,0,0,0,0,0,0,0,0,1,0,0,0,0,0,0,0,0,0
010SW,N1_LOGISTICA EQUIPOS INSTALACION GAS,N1,LOGISTICA EQUIPOS INSTALACION GAS,4,C9 LOGISTICA | GENERAL | INSTALACION GAS | NAVE 1,1,3,25/09/2025,30/09/2025,18/02/2026,0,0,0,0,0,0,0,0,0,0,0,0,1,0,0,0,1,0,0,0,1,0,0,0,0,0,1,0,0,0,0,0,0,0,0,0
010SC,N1_CHUPETES DE CONSUMO,N1,CHUPETES DE CONSUMO,4,C4 MONTAJES | GENERAL | INSTALACION SANITARIA | NAVE 1,1,3,20/11/2025,31/12/2025,13/03/2026,0,0,0,0,0,0,0,1,0,0,0,0,0,0,0,0,1,0,0,0,0,1,0,0,0,0,1,0,0,0,0,0,0,0,0,0
010T0,N1_LOGISTICA REJAS CORRALES,N1,LOGISTICA REJAS CORRALES,4,C9 LOGISTICA | GENERAL | MONTAJE | NAVE 1,1,3,27/08/2025,01/09/2025,18/02/2026,0,0,0,0,0,0,0,0,0,0,0,0,1,0,0,0,1,0,0,0,0,0,0,0,1,0,1,0,0,0,0,0,0,0,0,0
010UH,ST1_PISO FOSA LONJA ESTE,ST1,PISO FOSA LONJA ESTE,5,ARQUITECTURA | C2 OOCC Y DESAGUES | GENERAL | NAVE 1 | SALA TERMINACION 1,1,4,26/09/2025,21/10/2025,27/02/2026,0,0,1,0,0,1,0,0,0,0,0,0,0,0,0,0,1,0,0,0,0,0,0,0,0,0,1,0,0,0,0,0,0,0,1,0
010V2,ST1_INSTALACION ELECTROMECANICA CORTINAS,ST1,INSTALACION ELECTROMECANICA CORTINAS,5,C5 INSTALACION ELECTRICA | GENERAL | INSTALACION ELECTRICA | NAVE 1 | SALA TERMINACION 1,1,4,18/12/2025,01/01/2026,13/03/2026,0,0,0,0,0,0,0,0,1,0,0,0,0,0,0,0,1,0,0,1,0,0,0,0,0,0,1,0,0,0,0,0,0,0,1,0
010VN,SR1_PRUEBA HERMETICIDAD GAS,SR1,PRUEBA HERMETICIDAD GAS,5,CHECKPOINTS | GENERAL | INSTALACION GAS | PRUEBAS HERMETICIDAD | SALA RECEPCION 1,1,4,17/02/2026,17/02/2026,30/04/2026,0,0,0,0,0,0,0,0,0,0,0,0,0,1,0,0,1,0,0,0,1,0,0,0,0,0,0,0,0,0,1,0,1,0,0,0
00S2D,CAMINO,,CAMINO,5,AREAS COMUNES | C1 MOVIMIENTO DE SUELO | GENERAL | INFRAESTRUCTURA EXTERIOR | MOVIMIENTO DE SUELO,1,4,15/09/2025,28/10/2025,13/03/2026,0,1,0,1,0,0,0,0,0,0,0,0,0,0,0,0,1,1,0,0,0,0,0,0,0,1,0,0,0,0,0,0,0,0,0,0
00S3A,CANERIA DE IMPULSION,,CANERIA DE IMPULSION,5,AREAS COMUNES | C2 OOCC Y DESAGUES | GENERAL | INFRAESTRUCTURA EXTERIOR | INSTALACION DESAGUE,1,4,19/11/2025,03/12/2025,13/03/2026,0,1,0,0,0,1,0,0,0,0,0,0,0,0,0,0,1,1,1,0,0,0,0,0,0,0,0,0,0,0,0,0,0,0,0,0
010S3,N1_EXCAVACION FUNDACION COLUMNAS,N1,EXCAVACION FUNDACION COLUMNAS,4,C3 GALPONERO | ESTRUCTURA | GENERAL | NAVE 1,1,3,25/09/2025,30/09/2025,16/12/2025,0,0,0,0,0,0,1,0,0,0,0,0,0,0,0,1,1,0,0,0,0,0,0,0,0,0,1,0,0,0,0,0,0,0,0,0
010VS,ST1_PRUEBA HERMETICIDAD DESAGUE 5,ST1,PRUEBA HERMETICIDAD DESAGUE 5,5,CHECKPOINTS | GENERAL | INSTALACION DESAGUE | PRUEBAS HERMETICIDAD | SALA TERMINACION 1,1,4,24/02/2026,27/02/2026,27/02/2026,0,0,0,0,0,0,0,0,0,0,0,0,0,1,0,0,1,0,1,0,0,0,0,0,0,0,0,0,0,0,1,0,0,0,1,0
00WW4,VESTUARIOS_INSTALACION SANITARIA,VESTUARIOS,INSTALACION SANITARIA,5,AREAS COMUNES | C2 OOCC Y DESAGUES | GENERAL | INSTALACION SANITARIA | VESTUARIOS,1,4,21/09/2025,24/09/2025,18/02/2026,0,1,0,0,0,1,0,0,0,0,0,0,0,0,0,0,1,0,0,0,0,1,0,0,0,0,0,0,0,0,0,0,0,0,0,1
010SE,N1_EXTRACTORES,N1,EXTRACTORES,4,C4 MONTAJES | GENERAL | MONTAJE | NAVE 1,1,3,19/12/2025,02/01/2026,13/03/2026,0,0,0,0,0,0,0,1,0,0,0,0,0,0,0,0,1,0,0,0,0,0,0,0,1,0,1,0,0,0,0,0,0,0,0,0
010TW,SR1_MONTAJE REJAS CORRALES,SR1,MONTAJE REJAS CORRALES,5,C4 MONTAJES | GENERAL | MONTAJE | NAVE 1 | SALA RECEPCION 1,1,4,11/12/2025,16/12/2025,04/06/2026,0,0,0,0,0,0,0,1,0,0,0,0,0,0,0,0,1,0,0,0,0,0,0,0,1,0,1,0,0,0,0,0,1,0,0,0
010TX,SR1_MONTAJE REJAS CUBRE CORTINAS,SR1,MONTAJE REJAS CUBRE CORTINAS,5,C4 MONTAJES | GENERAL | MONTAJE | NAVE 1 | SALA RECEPCION 1,1,4,19/12/2025,24/12/2025,13/03/2026,0,0,0,0,0,0,0,1,0,0,0,0,0,0,0,0,1,0,0,0,0,0,0,0,1,0,1,0,0,0,0,0,1,0,0,0
00T9D,CERCO OLIMPICO,,CERCO OLIMPICO,5,AREAS COMUNES | ARQUITECTURA | C6 ALAMBRADOR | GENERAL | INFRAESTRUCTURA EXTERIOR,1,4,01/11/2025,11/12/2025,13/03/2026,0,1,1,0,0,0,0,0,0,1,0,0,0,0,0,0,1,1,0,0,0,0,0,0,0,0,0,0,0,0,0,0,0,0,0,0
00WV4,PG_PLATEA,PG,PLATEA,5,AREAS COMUNES | ARQUITECTURA | C2 OOCC Y DESAGUES | GENERAL | PLANTA GAS,1,4,14/09/2025,25/09/2025,18/02/2026,0,1,1,0,0,1,0,0,0,0,0,0,0,0,0,0,1,0,0,0,0,0,0,0,0,0,0,0,0,1,0,0,0,0,0,0
00WVA,ST_PLATEA,ST,PLATEA,5,AREAS COMUNES | ARQUITECTURA | C2 OOCC Y DESAGUES | GENERAL | SALA TABLEROS,1,4,01/10/2025,06/10/2025,27/02/2026,0,1,1,0,0,1,0,0,0,0,0,0,0,0,0,0,1,0,0,0,0,0,0,0,0,0,0,0,0,0,0,0,0,1,0,0
010UQ,ST1_INSTALACION DESAGUES 7,ST1,INSTALACION DESAGUES 7,5,C2 OOCC Y DESAGUES | GENERAL | INSTALACION DESAGUE | NAVE 1 | SALA TERMINACION 1,1,4,09/09/2025,23/09/2025,18/02/2026,0,0,0,0,0,1,0,0,0,0,0,0,0,0,0,0,1,0,1,0,0,0,0,0,0,0,1,0,0,0,0,0,0,0,1,0
010UV,ST1_MONTAJE COMEDEROS Y TAPETES,ST1,MONTAJE COMEDEROS Y TAPETES,5,C4 MONTAJES | GENERAL | MONTAJE | NAVE 1 | SALA TERMINACION 1,1,4,27/11/2025,02/12/2025,13/03/2026,0,0,0,0,0,0,0,1,0,0,0,0,0,0,0,0,1,0,0,0,0,0,0,0,1,0,1,0,0,0,0,0,0,0,1,0
010VI,IS1_TABLEROS COMANDOS DE POTENCIA,IS1,TABLEROS COMANDOS DE POTENCIA,5,C5 INSTALACION ELECTRICA | GENERAL | INSTALACION ELECTRICA | INTERSALA 1 | NAVE 1,1,4,17/10/2025,22/10/2025,13/03/2026,0,0,0,0,0,0,0,0,1,0,0,0,0,0,0,0,1,0,0,1,0,0,1,0,0,0,1,0,0,0,0,0,0,0,0,0
010VK,IS1_MOTORES SOPORTE DE CORTINAS,IS1,MOTORES SOPORTE DE CORTINAS,5,C5 INSTALACION ELECTRICA | GENERAL | INSTALACION ELECTRICA | INTERSALA 1 | NAVE 1,1,4,17/10/2025,22/10/2025,13/03/2026,0,0,0,0,0,0,0,0,1,0,0,0,0,0,0,0,1,0,0,1,0,0,1,0,0,0,1,0,0,0,0,0,0,0,0,0
00T9E,SOPORTE DE SERVICIOS,,SOPORTE DE SERVICIOS,5,AREAS COMUNES | C3 GALPONERO | ESTRUCTURA | GENERAL | INFRAESTRUCTURA EXTERIOR,1,4,19/09/2025,25/12/2025,13/03/2026,0,1,0,0,0,0,1,0,0,0,0,0,0,0,0,1,1,1,0,0,0,0,0,0,0,0,0,0,0,0,0,0,0,0,0,0
00WVR,VESTUARIOS_VENTANAS,VESTUARIOS,VENTANAS,5,AREAS COMUNES | ARQUITECTURA | C2 OOCC Y DESAGUES | GENERAL | VESTUARIOS,1,4,26/10/2025,29/10/2025,13/03/2026,0,1,1,0,0,1,0,0,0,0,0,0,0,0,0,0,1,0,0,0,0,0,0,0,0,0,0,0,0,0,0,0,0,0,0,1
010SO,N1_COMPRA INSTALACION GAS,N1,COMPRA INSTALACION GAS,4,C8 COMPRAS | GENERAL | INSTALACION GAS | NAVE 1,1,3,17/09/2025,22/09/2025,18/02/2026,0,0,0,0,0,0,0,0,0,0,0,1,0,0,0,0,1,0,0,0,1,0,0,0,0,0,1,0,0,0,0,0,0,0,0,0
010UG,ST1_PISO FOSA LONJA CENTRAL,ST1,PISO FOSA LONJA CENTRAL,5,ARQUITECTURA | C2 OOCC Y DESAGUES | GENERAL | NAVE 1 | SALA TERMINACION 1,1,4,26/09/2025,21/10/2025,27/02/2026,0,0,1,0,0,1,0,0,0,0,0,0,0,0,0,0,1,0,0,0,0,0,0,0,0,0,1,0,0,0,0,0,0,0,1,0
010VC,IS1_TANQUES,IS1,TANQUES,5,C4 MONTAJES | GENERAL | INSTALACION SANITARIA | INTERSALA 1 | NAVE 1,1,4,17/10/2025,22/10/2025,13/03/2026,0,0,0,0,0,0,0,1,0,0,0,0,0,0,0,0,1,0,0,0,0,1,1,0,0,0,1,0,0,0,0,0,0,0,0,0
010VM,N1_CHEQUEO NIVEL DE PISOS,N1,CHEQUEO NIVEL DE PISOS,5,ARQUITECTURA | CHECKPOINTS | CHEQUEO NIVEL PISOS NAVE | GENERAL | NAVE 1,1,4,12/12/2025,12/12/2025,31/03/2026,0,0,1,0,0,0,0,0,0,0,0,0,0,1,1,0,1,0,0,0,0,0,0,0,0,0,1,0,0,0,0,0,0,0,0,0
010T8,SR1_MURO COMPUESTO SUR,SR1,MURO COMPUESTO SUR,5,ARQUITECTURA | C2 OOCC Y DESAGUES | GENERAL | NAVE 1 | SALA RECEPCION 1,1,4,21/10/2025,04/11/2025,27/02/2026,0,0,1,0,0,1,0,0,0,0,0,0,0,0,0,0,1,0,0,0,0,0,0,0,0,0,1,0,0,0,0,0,1,0,0,0
010U2,SR1_COMPRA COMEDEROS Y TAPETES,SR1,COMPRA COMEDEROS Y TAPETES,5,C8 COMPRAS | GENERAL | MONTAJE | NAVE 1 | SALA RECEPCION 1,1,4,25/08/2025,07/10/2025,07/10/2025,0,0,0,0,0,0,0,0,0,0,0,1,0,0,0,0,1,0,0,0,0,0,0,0,1,0,1,0,0,0,0,0,1,0,0,0
010U3,SR1_COMPRA CORTINAS,SR1,COMPRA CORTINAS,5,C8 COMPRAS | GENERAL | MONTAJE | NAVE 1 | SALA RECEPCION 1,1,4,08/09/2025,22/09/2025,26/08/2025,0,0,0,0,0,0,0,0,0,0,0,1,0,0,0,0,1,0,0,0,0,0,0,0,1,0,1,0,0,0,0,0,1,0,0,0
010T3,SR1_CERRAMIENTO TIMPANO EXTERIOR,SR1,CERRAMIENTO TIMPANO EXTERIOR,5,ARQUITECTURA | C2 OOCC Y DESAGUES | GENERAL | NAVE 1 | SALA RECEPCION 1,1,4,06/11/2025,11/11/2025,27/02/2026,0,0,1,0,0,1,0,0,0,0,0,0,0,0,0,0,1,0,0,0,0,0,0,0,0,0,1,0,0,0,0,0,1,0,0,0
010UD,ST1_MURO COMPUESTO NORTE,ST1,MURO COMPUESTO NORTE,5,ARQUITECTURA | C2 OOCC Y DESAGUES | GENERAL | NAVE 1 | SALA TERMINACION 1,1,4,21/10/2025,04/11/2025,13/03/2026,0,0,1,0,0,1,0,0,0,0,0,0,0,0,0,0,1,0,0,0,0,0,0,0,0,0,1,0,0,0,0,0,0,0,1,0
010UO,ST1_INSTALACION DESAGUES 5,ST1,INSTALACION DESAGUES 5,5,C2 OOCC Y DESAGUES | GENERAL | INSTALACION DESAGUE | NAVE 1 | SALA TERMINACION 1,1,4,09/09/2025,23/09/2025,18/02/2026,0,0,0,0,0,1,0,0,0,0,0,0,0,0,0,0,1,0,1,0,0,0,0,0,0,0,1,0,0,0,0,0,0,0,1,0
010TF,SR1_HORMIGONADO COLUMNAS,SR1,HORMIGONADO COLUMNAS,5,ARQUITECTURA | C2 OOCC Y DESAGUES | GENERAL | NAVE 1 | SALA RECEPCION 1,1,4,02/10/2025,14/11/2025,27/02/2026,0,0,1,0,0,1,0,0,0,0,0,0,0,0,0,0,1,0,0,0,0,0,0,0,0,0,1,0,0,0,0,0,1,0,0,0
010TL,SR1_INSTALACION DESAGUES 3,SR1,INSTALACION DESAGUES 3,5,C2 OOCC Y DESAGUES | GENERAL | INSTALACION DESAGUE | NAVE 1 | SALA RECEPCION 1,1,4,10/10/2025,24/10/2025,27/02/2026,0,0,0,0,0,1,0,0,0,0,0,0,0,0,0,0,1,0,1,0,0,0,0,0,0,0,1,0,0,0,0,0,1,0,0,0
010UU,ST1_MONTAJE CANERIAS MOTORES DIST ALIMENTOS,ST1,MONTAJE CANERIAS MOTORES DIST ALIMENTOS,5,C4 MONTAJES | GENERAL | MONTAJE | NAVE 1 | SALA TERMINACION 1,1,4,20/11/2025,31/12/2025,13/03/2026,0,0,0,0,0,0,0,1,0,0,0,0,0,0,0,0,1,0,0,0,0,0,0,0,1,0,1,0,0,0,0,0,0,0,1,0
010VX,ST1_CHEQUEO REPLANTEO MUROS,ST1,CHEQUEO REPLANTEO MUROS,5,ARQUITECTURA | CHECKPOINTS | GENERAL | REPLANTEO MUROS NAVE | SALA TERMINACION 1,1,4,04/12/2025,04/12/2025,27/02/2026,0,0,1,0,0,0,0,0,0,0,0,0,0,1,0,0,1,0,0,0,0,0,0,0,0,0,0,0,0,0,0,1,0,0,1,0
00WUW,PA_ZANJA BOMBAS SUMERGIBLES,PA,ZANJA BOMBAS SUMERGIBLES,5,AREAS COMUNES | C1 MOVIMIENTO DE SUELO | GENERAL | MOVIMIENTO DE SUELO | PLANTA AGUA,1,4,26/09/2025,10/10/2025,13/03/2026,0,1,0,1,0,0,0,0,0,0,0,0,0,0,0,0,1,0,0,0,0,0,0,0,0,1,0,0,1,0,0,0,0,0,0,0
00WVB,ST_MUROS,ST,MUROS,5,AREAS COMUNES | ARQUITECTURA | C2 OOCC Y DESAGUES | GENERAL | SALA TABLEROS,1,4,23/10/2025,28/10/2025,27/02/2026,0,1,1,0,0,1,0,0,0,0,0,0,0,0,0,0,1,0,0,0,0,0,0,0,0,0,0,0,0,0,0,0,0,1,0,0
00WVM,VESTUARIOS_TERRAPLEN SUELO CAL,VESTUARIOS,TERRAPLEN SUELO CAL,5,AREAS COMUNES | C1 MOVIMIENTO DE SUELO | GENERAL | MOVIMIENTO DE SUELO | VESTUARIOS,1,4,23/09/2025,16/10/2025,10/09/2025,0,1,0,1,0,0,0,0,0,0,0,0,0,0,0,0,1,0,0,0,0,0,0,0,0,1,0,0,0,0,0,0,0,0,0,1
010VL,N1_CHEQUEO NIVELACION DE TERRAPLEN,N1,CHEQUEO NIVELACION DE TERRAPLEN,5,CHECKPOINTS | GENERAL | MOVIMIENTO DE SUELO | NAVE 1 | NIVELACION TERRAPLEN,1,4,25/09/2025,25/09/2025,18/02/2026,0,0,0,0,0,0,0,0,0,0,0,0,0,1,0,0,1,0,0,0,0,0,0,0,0,1,1,1,0,0,0,0,0,0,0,0
010VP,SR1_PRUEBA HERMETICIDAD DESAGUE 2,SR1,PRUEBA HERMETICIDAD DESAGUE 2,5,CHECKPOINTS | GENERAL | INSTALACION DESAGUE | PRUEBAS HERMETICIDAD | SALA RECEPCION 1,1,4,24/02/2026,27/02/2026,27/02/2026,0,0,0,0,0,0,0,0,0,0,0,0,0,1,0,0,1,0,1,0,0,0,0,0,0,0,0,0,0,0,1,0,1,0,0,0
00WVJ,ST_TABLEROS Y ENERGIA,ST,TABLEROS Y ENERGIA,5,AREAS COMUNES | C5 INSTALACION ELECTRICA | GENERAL | INSTALACION ELECTRICA | SALA TABLEROS,1,4,14/11/2025,19/11/2025,13/03/2026,0,1,0,0,0,0,0,0,1,0,0,0,0,0,0,0,1,0,0,1,0,0,0,0,0,0,0,0,0,0,0,0,0,1,0,0
010V6,ST1_LOGISTICA COMEDEROS Y TAPETES,ST1,LOGISTICA COMEDEROS Y TAPETES,5,C9 LOGISTICA | GENERAL | MONTAJE | NAVE 1 | SALA TERMINACION 1,1,4,26/09/2025,30/10/2025,21/11/2025,0,0,0,0,0,0,0,0,0,0,0,0,1,0,0,0,1,0,0,0,0,0,0,0,1,0,1,0,0,0,0,0,0,0,1,0
010VG,IS1_DOSIFICADORES,IS1,DOSIFICADORES,5,C4 MONTAJES | GENERAL | INTERSALA 1 | MONTAJE | NAVE 1,1,4,17/10/2025,22/10/2025,13/03/2026,0,0,0,0,0,0,0,1,0,0,0,0,0,0,0,0,1,0,0,0,0,0,1,0,1,0,1,0,0,0,0,0,0,0,0,0
010SB,N1_CANERIAS REFRIGERACION,N1,CANERIAS REFRIGERACION,4,C4 MONTAJES | GENERAL | INSTALACION SANITARIA | NAVE 1,1,3,20/11/2025,31/12/2025,13/03/2026,0,0,0,0,0,0,0,1,0,0,0,0,0,0,0,0,1,0,0,0,0,1,0,0,0,0,1,0,0,0,0,0,0,0,0,0
010SL,N1_TABLEROS AUXILIARES,N1,TABLEROS AUXILIARES,4,C5 INSTALACION ELECTRICA | GENERAL | INSTALACION ELECTRICA | NAVE 1,1,3,19/12/2025,02/01/2026,13/03/2026,0,0,0,0,0,0,0,0,1,0,0,0,0,0,0,0,1,0,0,1,0,0,0,0,0,0,1,0,0,0,0,0,0,0,0,0
010ST,N1_COMPRA REJAS CUBRE CORTINAS,N1,COMPRA REJAS CUBRE CORTINAS,4,C8 COMPRAS | GENERAL | MONTAJE | NAVE 1,1,3,08/08/2025,22/08/2025,26/08/2025,0,0,0,0,0,0,0,0,0,0,0,1,0,0,0,0,1,0,0,0,0,0,0,0,1,0,1,0,0,0,0,0,0,0,0,0
010TD,SR1_PLATEA SILOS,SR1,PLATEA SILOS,5,ARQUITECTURA | C2 OOCC Y DESAGUES | GENERAL | NAVE 1 | SALA RECEPCION 1,1,4,13/11/2025,18/11/2025,27/02/2026,0,0,1,0,0,1,0,0,0,0,0,0,0,0,0,0,1,0,0,0,0,0,0,0,0,0,1,0,0,0,0,0,1,0,0,0
00WVE,ST_VEREDA,ST,VEREDA,5,AREAS COMUNES | ARQUITECTURA | C2 OOCC Y DESAGUES | GENERAL | SALA TABLEROS,1,4,04/10/2025,08/10/2025,27/02/2026,0,1,1,0,0,1,0,0,0,0,0,0,0,0,0,0,1,0,0,0,0,0,0,0,0,0,0,0,0,0,0,0,0,1,0,0
00WVW,VESTUARIOS_CONEXION A RED CLOACAL,VESTUARIOS,CONEXION A RED CLOACAL,5,AREAS COMUNES | C2 OOCC Y DESAGUES | GENERAL | INSTALACION DESAGUE | VESTUARIOS,1,4,02/10/2025,07/10/2025,13/03/2026,0,1,0,0,0,1,0,0,0,0,0,0,0,0,0,0,1,0,1,0,0,0,0,0,0,0,0,0,0,0,0,0,0,0,0,1
00WVX,VESTUARIOS_CAMARAS DE INSPECCION,VESTUARIOS,CAMARAS DE INSPECCION,5,AREAS COMUNES | C2 OOCC Y DESAGUES | GENERAL | INSTALACION DESAGUE | VESTUARIOS,1,4,27/10/2025,30/10/2025,13/03/2026,0,1,0,0,0,1,0,0,0,0,0,0,0,0,0,0,1,0,1,0,0,0,0,0,0,0,0,0,0,0,0,0,0,0,0,1
00WW7,VESTUARIOS_APLICACION DE POLIURETANO,VESTUARIOS,APLICACION DE POLIURETANO,5,AISLACIONES | AREAS COMUNES | C7 POLIURETANO | GENERAL | VESTUARIOS,1,4,22/10/2025,05/11/2025,13/03/2026,1,1,0,0,0,0,0,0,0,0,1,0,0,0,0,0,1,0,0,0,0,0,0,0,0,0,0,0,0,0,0,0,0,0,0,1
010S9,N1_CANERIAS LAVADO A PRESION,N1,CANERIAS LAVADO A PRESION,4,C4 MONTAJES | GENERAL | INSTALACION SANITARIA | NAVE 1,1,3,20/11/2025,31/12/2025,13/03/2026,0,0,0,0,0,0,0,1,0,0,0,0,0,0,0,0,1,0,0,0,0,1,0,0,0,0,1,0,0,0,0,0,0,0,0,0
010SJ,N1_CABLEADO,N1,CABLEADO,4,C5 INSTALACION ELECTRICA | GENERAL | INSTALACION ELECTRICA | NAVE 1,1,3,06/02/2026,20/02/2026,27/02/2026,0,0,0,0,0,0,0,0,1,0,0,0,0,0,0,0,1,0,0,1,0,0,0,0,0,0,1,0,0,0,0,0,0,0,0,0
010SR,N1_COMPRA INSTALACION SANITARIA,N1,COMPRA INSTALACION SANITARIA,4,C8 COMPRAS | GENERAL | INSTALACION SANITARIA | NAVE 1,1,3,17/09/2025,22/09/2025,27/02/2026,0,0,0,0,0,0,0,0,0,0,0,1,0,0,0,0,1,0,0,0,0,1,0,0,0,0,1,0,0,0,0,0,0,0,0,0
010TP,SR1_INST REGULADOR SEGUNDA ETAPA,SR1,INST REGULADOR SEGUNDA ETAPA,5,C4 MONTAJES | GENERAL | INSTALACION GAS | NAVE 1 | SALA RECEPCION 1,1,4,29/12/2025,01/01/2026,13/03/2026,0,0,0,0,0,0,0,1,0,0,0,0,0,0,0,0,1,0,0,0,1,0,0,0,0,0,1,0,0,0,0,0,1,0,0,0
00WVK,ST_REJA,ST,REJA,5,AREAS COMUNES | C4 MONTAJES | GENERAL | MONTAJE | SALA TABLEROS,1,4,26/11/2025,01/12/2025,24/04/2026,0,1,0,0,0,0,0,1,0,0,0,0,0,0,0,0,1,0,0,0,0,0,0,0,1,0,0,0,0,0,0,0,0,1,0,0
00WVV,VESTUARIOS_INSTALACION CLOACAL BAJO PLATEA,VESTUARIOS,INSTALACION CLOACAL BAJO PLATEA,5,AREAS COMUNES | C2 OOCC Y DESAGUES | GENERAL | INSTALACION DESAGUE | VESTUARIOS,1,4,01/10/2025,06/10/2025,21/11/2025,0,1,0,0,0,1,0,0,0,0,0,0,0,0,0,0,1,0,1,0,0,0,0,0,0,0,0,0,0,0,0,0,0,0,0,1
00WW3,VESTUARIOS_INSTALACION MOBILIARIO,VESTUARIOS,INSTALACION MOBILIARIO,5,AREAS COMUNES | C2 OOCC Y DESAGUES | GENERAL | MONTAJE | VESTUARIOS,1,4,01/11/2025,05/11/2025,13/03/2026,0,1,0,0,0,1,0,0,0,0,0,0,0,0,0,0,1,0,0,0,0,0,0,0,1,0,0,0,0,0,0,0,0,0,0,1
010U0,SR1_CUADRO MANIOBRA,SR1,CUADRO MANIOBRA,5,C5 INSTALACION ELECTRICA | GENERAL | INSTALACION ELECTRICA | NAVE 1 | SALA RECEPCION 1,1,4,18/12/2025,23/12/2025,13/03/2026,0,0,0,0,0,0,0,0,1,0,0,0,0,0,0,0,1,0,0,1,0,0,0,0,0,0,1,0,0,0,0,0,1,0,0,0
010U9,ST1_DESCANSO CARGADORES,ST1,DESCANSO CARGADORES,5,ARQUITECTURA | C2 OOCC Y DESAGUES | GENERAL | NAVE 1 | SALA TERMINACION 1,1,4,21/10/2025,04/11/2025,13/03/2026,0,0,1,0,0,1,0,0,0,0,0,0,0,0,0,0,1,0,0,0,0,0,0,0,0,0,1,0,0,0,0,0,0,0,1,0
010V9,IS1_BANQUINAS Y PILARES,IS1,BANQUINAS Y PILARES,5,ARQUITECTURA | C2 OOCC Y DESAGUES | GENERAL | INTERSALA 1 | NAVE 1,1,4,26/09/2025,09/10/2025,27/02/2026,0,0,1,0,0,1,0,0,0,0,0,0,0,0,0,0,1,0,0,0,0,0,1,0,0,0,1,0,0,0,0,0,0,0,0,0
010TS,SR1_MONTAJE CANERIAS MOTORES DIST ALIMENTOS,SR1,MONTAJE CANERIAS MOTORES DIST ALIMENTOS,5,C4 MONTAJES | GENERAL | MONTAJE | NAVE 1 | SALA RECEPCION 1,1,4,20/11/2025,31/12/2025,27/02/2026,0,0,0,0,0,0,0,1,0,0,0,0,0,0,0,0,1,0,0,0,0,0,0,0,1,0,1,0,0,0,0,0,1,0,0,0
010UP,ST1_INSTALACION DESAGUES 6,ST1,INSTALACION DESAGUES 6,5,C2 OOCC Y DESAGUES | GENERAL | INSTALACION DESAGUE | NAVE 1 | SALA TERMINACION 1,1,4,09/09/2025,23/09/2025,18/02/2026,0,0,0,0,0,1,0,0,0,0,0,0,0,0,0,0,1,0,1,0,0,0,0,0,0,0,1,0,0,0,0,0,0,0,1,0
00WVT,VESTUARIOS_PUERTAS,VESTUARIOS,PUERTAS,5,AREAS COMUNES | ARQUITECTURA | C2 OOCC Y DESAGUES | GENERAL | VESTUARIOS,1,4,26/10/2025,29/10/2025,13/03/2026,0,1,1,0,0,1,0,0,0,0,0,0,0,0,0,0,1,0,0,0,0,0,0,0,0,0,0,0,0,0,0,0,0,0,0,1
010S6,N1_CABREADAS CORREAS,N1,CABREADAS CORREAS,4,C3 GALPONERO | ESTRUCTURA | GENERAL | NAVE 1,1,3,31/10/2025,14/11/2025,27/02/2026,0,0,0,0,0,0,1,0,0,0,0,0,0,0,0,1,1,0,0,0,0,0,0,0,0,0,1,0,0,0,0,0,0,0,0,0
010T6,SR1_INSTALACION SLATS,SR1,INSTALACION SLATS,5,ARQUITECTURA | C2 OOCC Y DESAGUES | GENERAL | NAVE 1 | SALA RECEPCION 1,1,4,05/11/2025,10/11/2025,27/02/2026,0,0,1,0,0,1,0,0,0,0,0,0,0,0,0,0,1,0,0,0,0,0,0,0,0,0,1,0,0,0,0,0,1,0,0,0
010SZ,N1_LOGISTICA ESTRUCTURA TECHO,N1,LOGISTICA ESTRUCTURA TECHO,4,C9 LOGISTICA | ESTRUCTURA | GENERAL | NAVE 1,1,3,18/09/2025,02/10/2025,18/02/2026,0,0,0,0,0,0,0,0,0,0,0,0,1,0,0,1,1,0,0,0,0,0,0,0,0,0,1,0,0,0,0,0,0,0,0,0
010T5,SR1_EJECUCION TAPONES FOSA,SR1,EJECUCION TAPONES FOSA,5,ARQUITECTURA | C2 OOCC Y DESAGUES | GENERAL | NAVE 1 | SALA RECEPCION 1,1,4,22/10/2025,27/10/2025,27/02/2026,0,0,1,0,0,1,0,0,0,0,0,0,0,0,0,0,1,0,0,0,0,0,0,0,0,0,1,0,0,0,0,0,1,0,0,0
010T7,SR1_MURO COMPUESTO NORTE,SR1,MURO COMPUESTO NORTE,5,ARQUITECTURA | C2 OOCC Y DESAGUES | GENERAL | NAVE 1 | SALA RECEPCION 1,1,4,21/10/2025,04/11/2025,27/02/2026,0,0,1,0,0,1,0,0,0,0,0,0,0,0,0,0,1,0,0,0,0,0,0,0,0,0,1,0,0,0,0,0,1,0,0,0
00WVU,VESTUARIOS_ESPORADO Y PINTURA,VESTUARIOS,ESPORADO Y PINTURA,5,AREAS COMUNES | ARQUITECTURA | C2 OOCC Y DESAGUES | GENERAL | VESTUARIOS,1,4,26/11/2025,01/12/2025,28/03/2026,0,1,1,0,0,1,0,0,0,0,0,0,0,0,0,0,1,0,0,0,0,0,0,0,0,0,0,0,0,0,0,0,0,0,0,1
00WW2,VESTUARIOS_TERMOTANQUE,VESTUARIOS,TERMOTANQUE,5,AREAS COMUNES | C2 OOCC Y DESAGUES | GENERAL | INSTALACION GAS | VESTUARIOS,1,4,08/11/2025,12/11/2025,13/03/2026,0,1,0,0,0,1,0,0,0,0,0,0,0,0,0,0,1,0,0,0,1,0,0,0,0,0,0,0,0,0,0,0,0,0,0,1
010SI,N1_RELEVO SISTEMA DE DISTRIBUCION,N1,RELEVO SISTEMA DE DISTRIBUCION,4,C4 MONTAJES | GENERAL | MONTAJE | NAVE 1,1,3,19/12/2025,24/12/2025,13/03/2026,0,0,0,0,0,0,0,1,0,0,0,0,0,0,0,0,1,0,0,0,0,0,0,0,1,0,1,0,0,0,0,0,0,0,0,0
010TJ,SR1_INSTALACION DESAGUES 1,SR1,INSTALACION DESAGUES 1,5,C2 OOCC Y DESAGUES | GENERAL | INSTALACION DESAGUE | NAVE 1 | SALA RECEPCION 1,1,4,10/10/2025,24/10/2025,27/02/2026,0,0,0,0,0,1,0,0,0,0,0,0,0,0,0,0,1,0,1,0,0,0,0,0,0,0,1,0,0,0,0,0,1,0,0,0
010TT,SR1_MONTAJE COMEDEROS Y TAPETES,SR1,MONTAJE COMEDEROS Y TAPETES,5,C4 MONTAJES | GENERAL | MONTAJE | NAVE 1 | SALA RECEPCION 1,1,4,27/11/2025,02/12/2025,27/02/2026,0,0,0,0,0,0,0,1,0,0,0,0,0,0,0,0,1,0,0,0,0,0,0,0,1,0,1,0,0,0,0,0,1,0,0,0
010UI,ST1_PISO FOSA LONJA OESTE,ST1,PISO FOSA LONJA OESTE,5,ARQUITECTURA | C2 OOCC Y DESAGUES | GENERAL | NAVE 1 | SALA TERMINACION 1,1,4,26/09/2025,21/10/2025,27/02/2026,0,0,1,0,0,1,0,0,0,0,0,0,0,0,0,0,1,0,0,0,0,0,0,0,0,0,1,0,0,0,0,0,0,0,1,0
010V4,ST1_COMPRA CORTINAS,ST1,COMPRA CORTINAS,5,C8 COMPRAS | GENERAL | MONTAJE | NAVE 1 | SALA TERMINACION 1,1,4,08/09/2025,22/09/2025,26/08/2025,0,0,0,0,0,0,0,0,0,0,0,1,0,0,0,0,1,0,0,0,0,0,0,0,1,0,1,0,0,0,0,0,0,0,1,0
010VJ,IS1_TABLEROS SISTEMA DE DISTRIBUCION,IS1,TABLEROS SISTEMA DE DISTRIBUCION,5,C5 INSTALACION ELECTRICA | GENERAL | INSTALACION ELECTRICA | INTERSALA 1 | NAVE 1,1,4,17/10/2025,22/10/2025,13/03/2026,0,0,0,0,0,0,0,0,1,0,0,0,0,0,0,0,1,0,0,1,0,0,1,0,0,0,1,0,0,0,0,0,0,0,0,0
010SH,N1_CONEXION REMOVEDORES DE AIRE,N1,CONEXION REMOVEDORES DE AIRE,4,C4 MONTAJES | GENERAL | MONTAJE | NAVE 1,1,3,19/12/2025,02/01/2026,27/02/2026,0,0,0,0,0,0,0,1,0,0,0,0,0,0,0,0,1,0,0,0,0,0,0,0,1,0,1,0,0,0,0,0,0,0,0,0
010TA,SR1_PISO FOSA LONJA CENTRAL,SR1,PISO FOSA LONJA CENTRAL,5,ARQUITECTURA | C2 OOCC Y DESAGUES | GENERAL | NAVE 1 | SALA RECEPCION 1,1,4,26/09/2025,21/10/2025,27/02/2026,0,0,1,0,0,1,0,0,0,0,0,0,0,0,0,0,1,0,0,0,0,0,0,0,0,0,1,0,0,0,0,0,1,0,0,0
010TB,SR1_PISO FOSA LONJA ESTE,SR1,PISO FOSA LONJA ESTE,5,ARQUITECTURA | C2 OOCC Y DESAGUES | GENERAL | NAVE 1 | SALA RECEPCION 1,1,4,26/09/2025,21/10/2025,27/02/2026,0,0,1,0,0,1,0,0,0,0,0,0,0,0,0,0,1,0,0,0,0,0,0,0,0,0,1,0,0,0,0,0,1,0,0,0
010RY,N1_MOVIMIENTO SUELO BASE,N1,MOVIMIENTO SUELO BASE,4,C1 MOVIMIENTO DE SUELO | GENERAL | MOVIMIENTO DE SUELO | NAVE 1,1,3,02/09/2025,05/09/2025,18/02/2026,0,0,0,1,0,0,0,0,0,0,0,0,0,0,0,0,1,0,0,0,0,0,0,0,0,1,1,0,0,0,0,0,0,0,0,0
010SX,N1_LOGISTICA SLATS,N1,LOGISTICA SLATS,4,ARQUITECTURA | C9 LOGISTICA | GENERAL | NAVE 1,1,3,19/09/2025,03/10/2025,26/08/2025,0,0,1,0,0,0,0,0,0,0,0,0,1,0,0,0,1,0,0,0,0,0,0,0,0,0,1,0,0,0,0,0,0,0,0,0
010T4,SR1_DESCANSO CARGADORES,SR1,DESCANSO CARGADORES,5,ARQUITECTURA | C2 OOCC Y DESAGUES | GENERAL | NAVE 1 | SALA RECEPCION 1,1,4,21/10/2025,04/11/2025,13/03/2026,0,0,1,0,0,1,0,0,0,0,0,0,0,0,0,0,1,0,0,0,0,0,0,0,0,0,1,0,0,0,0,0,1,0,0,0
010TV,SR1_MONTAJE INLETS,SR1,MONTAJE INLETS,5,C4 MONTAJES | GENERAL | MONTAJE | NAVE 1 | SALA RECEPCION 1,1,4,08/01/2026,13/01/2026,27/02/2026,0,0,0,0,0,0,0,1,0,0,0,0,0,0,0,0,1,0,0,0,0,0,0,0,1,0,1,0,0,0,0,0,1,0,0,0
010U4,SR1_COMPRA INLETS,SR1,COMPRA INLETS,5,C8 COMPRAS | GENERAL | MONTAJE | NAVE 1 | SALA RECEPCION 1,1,4,20/08/2025,03/09/2025,26/08/2025,0,0,0,0,0,0,0,0,0,0,0,1,0,0,0,0,1,0,0,0,0,0,0,0,1,0,1,0,0,0,0,0,1,0,0,0
00WV3,PG_MOVIMIENTO DE SUELO,PG,MOVIMIENTO DE SUELO,5,AREAS COMUNES | C1 MOVIMIENTO DE SUELO | GENERAL | MOVIMIENTO DE SUELO | PLANTA GAS,1,4,13/09/2025,23/09/2025,18/02/2026,0,1,0,1,0,0,0,0,0,0,0,0,0,0,0,0,1,0,0,0,0,0,0,0,0,1,0,0,0,1,0,0,0,0,0,0
00WVC,ST_PISO,ST,PISO,5,AREAS COMUNES | ARQUITECTURA | C2 OOCC Y DESAGUES | GENERAL | SALA TABLEROS,1,4,14/11/2025,19/11/2025,27/02/2026,0,1,1,0,0,1,0,0,0,0,0,0,0,0,0,0,1,0,0,0,0,0,0,0,0,0,0,0,0,0,0,0,0,1,0,0
00WW5,VESTUARIOS_LUMINARIAS,VESTUARIOS,LUMINARIAS,5,AREAS COMUNES | C5 INSTALACION ELECTRICA | GENERAL | INSTALACION ELECTRICA | VESTUARIOS,1,4,01/11/2025,05/11/2025,13/03/2026,0,1,0,0,0,0,0,0,1,0,0,0,0,0,0,0,1,0,0,1,0,0,0,0,0,0,0,0,0,0,0,0,0,0,0,1
010UL,ST1_CARGADOR,ST1,CARGADOR,5,ARQUITECTURA | C2 OOCC Y DESAGUES | GENERAL | NAVE 1 | SALA TERMINACION 1,1,4,19/09/2025,03/10/2025,13/03/2026,0,0,1,0,0,1,0,0,0,0,0,0,0,0,0,0,1,0,0,0,0,0,0,0,0,0,1,0,0,0,0,0,0,0,1,0
010UN,ST1_CAMARA DE INSPECCION 4,ST1,CAMARA DE INSPECCION 4,5,C2 OOCC Y DESAGUES | GENERAL | INSTALACION DESAGUE | NAVE 1 | SALA TERMINACION 1,1,4,16/10/2025,21/10/2025,13/03/2026,0,0,0,0,0,1,0,0,0,0,0,0,0,0,0,0,1,0,1,0,0,0,0,0,0,0,1,0,0,0,0,0,0,0,1,0
010UX,ST1_MONTAJE REJAS CORRALES,ST1,MONTAJE REJAS CORRALES,5,C4 MONTAJES | GENERAL | MONTAJE | NAVE 1 | SALA TERMINACION 1,1,4,11/12/2025,16/12/2025,04/06/2026,0,0,0,0,0,0,0,1,0,0,0,0,0,0,0,0,1,0,0,0,0,0,0,0,1,0,1,0,0,0,0,0,0,0,1,0
010VO,SR1_PRUEBA HERMETICIDAD DESAGUE 1,SR1,PRUEBA HERMETICIDAD DESAGUE 1,5,CHECKPOINTS | GENERAL | INSTALACION DESAGUE | PRUEBAS HERMETICIDAD | SALA RECEPCION 1,1,4,24/02/2026,27/02/2026,27/02/2026,0,0,0,0,0,0,0,0,0,0,0,0,0,1,0,0,1,0,1,0,0,0,0,0,0,0,0,0,0,0,1,0,1,0,0,0
00WVP,VESTUARIOS_ALERO,VESTUARIOS,ALERO,5,AREAS COMUNES | ARQUITECTURA | C2 OOCC Y DESAGUES | GENERAL | VESTUARIOS,1,4,27/10/2025,30/10/2025,27/02/2026,0,1,1,0,0,1,0,0,0,0,0,0,0,0,0,0,1,0,0,0,0,0,0,0,0,0,0,0,0,0,0,0,0,0,0,1
010RW,N1_MOVIMIENTO SUELO DESMONTE,N1,MOVIMIENTO SUELO DESMONTE,4,C1 MOVIMIENTO DE SUELO | GENERAL | MOVIMIENTO DE SUELO | NAVE 1,1,3,21/08/2025,26/08/2025,21/11/2025,0,0,0,1,0,0,0,0,0,0,0,0,0,0,0,0,1,0,0,0,0,0,0,0,0,1,1,0,0,0,0,0,0,0,0,0
010UC,ST1_PUERTAS,ST1,PUERTAS,5,ARQUITECTURA | C2 OOCC Y DESAGUES | GENERAL | NAVE 1 | SALA TERMINACION 1,1,4,20/11/2025,25/11/2025,27/02/2026,0,0,1,0,0,1,0,0,0,0,0,0,0,0,0,0,1,0,0,0,0,0,0,0,0,0,1,0,0,0,0,0,0,0,1,0
00WVY,VESTUARIOS_ARTEFACTOS SANITARIOS,VESTUARIOS,ARTEFACTOS SANITARIOS,5,AREAS COMUNES | C2 OOCC Y DESAGUES | GENERAL | INSTALACION DESAGUE | VESTUARIOS,1,4,29/10/2025,03/11/2025,13/03/2026,0,1,0,0,0,1,0,0,0,0,0,0,0,0,0,0,1,0,1,0,0,0,0,0,0,0,0,0,0,0,0,0,0,0,0,1
010S4,N1_FUNDACION COLUMNAS RETICULADAS,N1,FUNDACION COLUMNAS RETICULADAS,4,C3 GALPONERO | ESTRUCTURA | GENERAL | NAVE 1,1,3,09/10/2025,29/10/2025,16/12/2025,0,0,0,0,0,0,1,0,0,0,0,0,0,0,0,1,1,0,0,0,0,0,0,0,0,0,1,0,0,0,0,0,0,0,0,0
010TE,SR1_PUERTAS,SR1,PUERTAS,5,ARQUITECTURA | C2 OOCC Y DESAGUES | GENERAL | NAVE 1 | SALA RECEPCION 1,1,4,20/11/2025,25/11/2025,27/02/2026,0,0,1,0,0,1,0,0,0,0,0,0,0,0,0,0,1,0,0,0,0,0,0,0,0,0,1,0,0,0,0,0,1,0,0,0
010TK,SR1_INSTALACION DESAGUES 2,SR1,INSTALACION DESAGUES 2,5,C2 OOCC Y DESAGUES | GENERAL | INSTALACION DESAGUE | NAVE 1 | SALA RECEPCION 1,1,4,10/10/2025,24/10/2025,27/02/2026,0,0,0,0,0,1,0,0,0,0,0,0,0,0,0,0,1,0,1,0,0,0,0,0,0,0,1,0,0,0,0,0,1,0,0,0
010UA,ST1_EJECUCION TAPONES FOSA,ST1,EJECUCION TAPONES FOSA,5,ARQUITECTURA | C2 OOCC Y DESAGUES | GENERAL | NAVE 1 | SALA TERMINACION 1,1,4,22/10/2025,27/10/2025,13/03/2026,0,0,1,0,0,1,0,0,0,0,0,0,0,0,0,0,1,0,0,0,0,0,0,0,0,0,1,0,0,0,0,0,0,0,1,0
00WUY,PA_MONTAJE METALICO,PA,MONTAJE METALICO,5,AREAS COMUNES | C3 GALPONERO | ESTRUCTURA | GENERAL | PLANTA AGUA,1,4,10/10/2025,04/11/2025,27/02/2026,0,1,0,0,0,0,1,0,0,0,0,0,0,0,0,1,1,0,0,0,0,0,0,0,0,0,0,0,1,0,0,0,0,0,0,0
00WV0,PA_INSTALACIONES,PA,INSTALACIONES,5,AREAS COMUNES | C4 MONTAJES | GENERAL | INSTALACION SANITARIA | PLANTA AGUA,1,4,21/10/2025,03/12/2025,13/03/2026,0,1,0,0,0,0,0,1,0,0,0,0,0,0,0,0,1,0,0,0,0,1,0,0,0,0,0,0,1,0,0,0,0,0,0,0
00WV9,ST_TERRAPLEN SUELO CAL,ST,TERRAPLEN SUELO CAL,5,AREAS COMUNES | C1 MOVIMIENTO DE SUELO | GENERAL | MOVIMIENTO DE SUELO | SALA TABLEROS,1,4,29/09/2025,29/09/2025,10/09/2025,0,1,0,1,0,0,0,0,0,0,0,0,0,0,0,0,1,0,0,0,0,0,0,0,0,1,0,0,0,0,0,0,0,1,0,0
010V1,ST1_CUADRO MANIOBRA,ST1,CUADRO MANIOBRA,5,C5 INSTALACION ELECTRICA | GENERAL | INSTALACION ELECTRICA | NAVE 1 | SALA TERMINACION 1,1,4,18/12/2025,23/12/2025,13/03/2026,0,0,0,0,0,0,0,0,1,0,0,0,0,0,0,0,1,0,0,1,0,0,0,0,0,0,1,0,0,0,0,0,0,0,1,0
00WVZ,VESTUARIOS_ESTRUCTURA TECHO Y CUBIERTA,VESTUARIOS,ESTRUCTURA TECHO Y CUBIERTA,5,AREAS COMUNES | C2 OOCC Y DESAGUES | ESTRUCTURA | GENERAL | VESTUARIOS,1,4,25/09/2025,29/10/2025,27/02/2026,0,1,0,0,0,1,0,0,0,0,0,0,0,0,0,1,1,0,0,0,0,0,0,0,0,0,0,0,0,0,0,0,0,0,0,1
010SY,N1_LOGISTICA ESPUMA POLIURETANO,N1,LOGISTICA ESPUMA POLIURETANO,4,AISLACIONES | C9 LOGISTICA | GENERAL | NAVE 1,1,3,03/11/2025,06/11/2025,26/08/2025,1,0,0,0,0,0,0,0,0,0,0,0,1,0,0,0,1,0,0,0,0,0,0,0,0,0,1,0,0,0,0,0,0,0,0,0
010TO,SR1_CONDUCTOS INSTALACION GAS,SR1,CONDUCTOS INSTALACION GAS,5,C4 MONTAJES | GENERAL | INSTALACION GAS | NAVE 1 | SALA RECEPCION 1,1,4,18/12/2025,01/01/2026,27/02/2026,0,0,0,0,0,0,0,1,0,0,0,0,0,0,0,0,1,0,0,0,1,0,0,0,0,0,1,0,0,0,0,0,1,0,0,0
010S8,N1_CANERIAS CONSUMO,N1,CANERIAS CONSUMO,4,C4 MONTAJES | GENERAL | INSTALACION SANITARIA | NAVE 1,1,3,20/11/2025,31/12/2025,13/03/2026,0,0,0,0,0,0,0,1,0,0,0,0,0,0,0,0,1,0,0,0,0,1,0,0,0,0,1,0,0,0,0,0,0,0,0,0
010TI,SR1_CAMARA DE INSPECCION 2,SR1,CAMARA DE INSPECCION 2,5,C2 OOCC Y DESAGUES | GENERAL | INSTALACION DESAGUE | NAVE 1 | SALA RECEPCION 1,1,4,16/10/2025,21/10/2025,27/02/2026,0,0,0,0,0,1,0,0,0,0,0,0,0,0,0,0,1,0,1,0,0,0,0,0,0,0,1,0,0,0,0,0,1,0,0,0
010U5,SR1_COMPRA TAPONES FOSA,SR1,COMPRA TAPONES FOSA,5,ARQUITECTURA | C8 COMPRAS | GENERAL | NAVE 1 | SALA RECEPCION 1,1,4,12/09/2025,17/09/2025,18/02/2026,0,0,1,0,0,0,0,0,0,0,0,1,0,0,0,0,1,0,0,0,0,0,0,0,0,0,1,0,0,0,0,0,1,0,0,0
010U7,SR1_LOGISTICA TAPONES FOSA,SR1,LOGISTICA TAPONES FOSA,5,ARQUITECTURA | C9 LOGISTICA | GENERAL | NAVE 1 | SALA RECEPCION 1,1,4,19/09/2025,24/09/2025,18/02/2026,0,0,1,0,0,0,0,0,0,0,0,0,1,0,0,0,1,0,0,0,0,0,0,0,0,0,1,0,0,0,0,0,1,0,0,0
010U8,ST1_CERRAMIENTO TIMPANO EXTERIOR,ST1,CERRAMIENTO TIMPANO EXTERIOR,5,ARQUITECTURA | C2 OOCC Y DESAGUES | GENERAL | NAVE 1 | SALA TERMINACION 1,1,4,06/11/2025,11/11/2025,27/02/2026,0,0,1,0,0,1,0,0,0,0,0,0,0,0,0,0,1,0,0,0,0,0,0,0,0,0,1,0,0,0,0,0,0,0,1,0
00WVG,ST_CUBIERTA,ST,CUBIERTA,5,AREAS COMUNES | ARQUITECTURA | C2 OOCC Y DESAGUES | GENERAL | SALA TABLEROS,1,4,01/12/2025,04/12/2025,05/04/2026,0,1,1,0,0,1,0,0,0,0,0,0,0,0,0,0,1,0,0,0,0,0,0,0,0,0,0,0,0,0,0,0,0,1,0,0
00WVS,VESTUARIOS_VEREDA,VESTUARIOS,VEREDA,5,AREAS COMUNES | ARQUITECTURA | C2 OOCC Y DESAGUES | GENERAL | VESTUARIOS,1,4,18/10/2025,31/10/2025,13/03/2026,0,1,1,0,0,1,0,0,0,0,0,0,0,0,0,0,1,0,0,0,0,0,0,0,0,0,0,0,0,0,0,0,0,0,0,1
010S2,N1_TRAMO COLECTOR 4,N1,TRAMO COLECTOR 4,4,C2 OOCC Y DESAGUES | GENERAL | INSTALACION DESAGUE | NAVE 1,1,3,01/01/2026,15/01/2026,21/11/2025,0,0,0,0,0,1,0,0,0,0,0,0,0,0,0,0,1,0,1,0,0,0,0,0,0,0,1,0,0,0,0,0,0,0,0,0
010V7,ST1_LOGISTICA TAPONES FOSA,ST1,LOGISTICA TAPONES FOSA,5,ARQUITECTURA | C9 LOGISTICA | GENERAL | NAVE 1 | SALA TERMINACION 1,1,4,19/09/2025,24/09/2025,18/02/2026,0,0,1,0,0,0,0,0,0,0,0,0,1,0,0,0,1,0,0,0,0,0,0,0,0,0,1,0,0,0,0,0,0,0,1,0
010VE,IS1_BOMBAS CENTRIFUGAS,IS1,BOMBAS CENTRIFUGAS,5,C4 MONTAJES | GENERAL | INSTALACION SANITARIA | INTERSALA 1 | NAVE 1,1,4,17/10/2025,22/10/2025,13/03/2026,0,0,0,0,0,0,0,1,0,0,0,0,0,0,0,0,1,0,0,0,0,1,1,0,0,0,1,0,0,0,0,0,0,0,0,0
010UY,ST1_MONTAJE REJAS CUBRE CORTINAS,ST1,MONTAJE REJAS CUBRE CORTINAS,5,C4 MONTAJES | GENERAL | MONTAJE | NAVE 1 | SALA TERMINACION 1,1,4,19/12/2025,24/12/2025,13/03/2026,0,0,0,0,0,0,0,1,0,0,0,0,0,0,0,0,1,0,0,0,0,0,0,0,1,0,1,0,0,0,0,0,0,0,1,0
010V8,IS1_RELLENO DE SUELO CONFINADO,IS1,RELLENO DE SUELO CONFINADO,5,ARQUITECTURA | C2 OOCC Y DESAGUES | GENERAL | INTERSALA 1 | NAVE 1,1,4,08/09/2025,11/09/2025,18/02/2026,0,0,1,0,0,1,0,0,0,0,0,0,0,0,0,0,1,0,0,0,0,0,1,0,0,0,1,0,0,0,0,0,0,0,0,0
010SK,N1_LUMINARIAS,N1,LUMINARIAS,4,C5 INSTALACION ELECTRICA | GENERAL | INSTALACION ELECTRICA | NAVE 1,1,3,13/01/2026,27/01/2026,27/02/2026,0,0,0,0,0,0,0,0,1,0,0,0,0,0,0,0,1,0,0,1,0,0,0,0,0,0,1,0,0,0,0,0,0,0,0,0
010SN,N1_COMPRA EQUIPOS INSTALACION GAS,N1,COMPRA EQUIPOS INSTALACION GAS,4,C8 COMPRAS | GENERAL | INSTALACION GAS | NAVE 1,1,3,17/09/2025,22/09/2025,18/02/2026,0,0,0,0,0,0,0,0,0,0,0,1,0,0,0,0,1,0,0,0,1,0,0,0,0,0,1,0,0,0,0,0,0,0,0,0
010T2,N1_LOGISTICA SISTEMA DISTRIBUCION ALIMENTOS,N1,LOGISTICA SISTEMA DISTRIBUCION ALIMENTOS,4,C9 LOGISTICA | GENERAL | MONTAJE | NAVE 1,1,3,08/09/2025,22/09/2025,21/11/2025,0,0,0,0,0,0,0,0,0,0,0,0,1,0,0,0,1,0,0,0,0,0,0,0,1,0,1,0,0,0,0,0,0,0,0,0
