type_comments,workset,BTZ_Description_06,keynote,mark,comments,uniformat_description,macro_group,BTZ_Description_07,category_name,BTZ_Description_12,structural_usage,BTZ_Description,BTZ_Description_04,type_name,element_name,level_name,type_mark,BTZ_Description_03,BTZ_Description_08,group_key,BTZ_Description_09,BTZ_Description_01,BTZ_Description_13,element_id,family_name,BTZ_Description_05,BTZ_Description_11,host_category,uniformat_code,BTZ_Description_10,BTZ_Description_02,unique_id,structural_material,type_description
,Subproyecto1,,,,CIR_01_V01;CIR_01_V02;CIR_01_V03;CIR_01_V04;CIR_01_V05;CIR_01_V06;CIR_02_V01;CIR_02_V02;CIR_02_V03;CIR_03_V01;CIR_04_V01;CIR_05_V01;CIR_05_V02;CIR_05_V03;CIR_02_V04;CIR_02_V05;CIR_07_V03;CIR_08_V02;CIR_07_V02;CIR_08_V01;CIR_08_V03,,obra_gris,,Walls,,,,,Genérico - 200 mm,Genérico - 200 mm,,,,,obra_gris|Walls||Genérico - 200 mm,,,,153694,,,,,,,,82c8d020-319f-497f-9fc2-75b239a7730f-0002585e,Plástico,
,Subproyecto1,,,,CIR_01_V01;CIR_01_V02;CIR_01_V03;CIR_01_V04;CIR_01_V05;CIR_01_V06;CIR_02_V01;CIR_02_V02;CIR_02_V03;CIR_03_V01;CIR_04_V01;CIR_05_V01;CIR_05_V02;CIR_05_V03;CIR_02_V04;CIR_02_V05;CIR_07_V03;CIR_08_V02;CIR_07_V01;CIR_07_V02;CIR_08_V01;CIR_08_V03,,obra_gris,,Walls,,,,,Genérico - 200 mm,Genérico - 200 mm,,,,,obra_gris|Walls||Genérico - 200 mm,,,,153746,,,,,,,,82c8d020-319f-497f-9fc2-75b239a7730f-00025892,Plástico,
,Subproyecto1,,,,CIR_01_V01;CIR_01_V02;CIR_01_V03;CIR_01_V04;CIR_01_V05;CIR_01_V06;CIR_02_V01;CIR_02_V02;CIR_02_V03;CIR_03_V01;CIR_04_V01;CIR_05_V01;CIR_05_V02;CIR_05_V03;CIR_02_V04;CIR_02_V05;CIR_07_V03;CIR_08_V02;CIR_07_V01;CIR_07_V02;CIR_08_V01;CIR_08_V03,,obra_gris,,Walls,,,,,Genérico - 200 mm,Genérico - 200 mm,,,,,obra_gris|Walls||Genérico - 200 mm,,,,153786,,,,,,,,82c8d020-319f-497f-9fc2-75b239a7730f-000258ba,Plástico,
,Subproyecto1,,,,,,obra_gris,,Walls,,,,,Genérico - 200 mm,Genérico - 200 mm,,,,,obra_gris|Walls||Genérico - 200 mm,,,,153887,,,,,,,,82c8d020-319f-497f-9fc2-75b239a7730f-0002591f,Plástico,
,Subproyecto1,,,,CIR_02_V04,,obra_gris,,Walls,,,,,Genérico - 200 mm,Genérico - 200 mm,,,,,obra_gris|Walls||Genérico - 200 mm,,,,154143,,,,,,,,82c8d020-319f-497f-9fc2-75b239a7730f-00025a1f,Plástico,
,Subproyecto1,,,,CIR_02_V04,,obra_gris,,Walls,,,,,Genérico - 200 mm,Genérico - 200 mm,,,,,obra_gris|Walls||Genérico - 200 mm,,,,154190,,,,,,,,82c8d020-319f-497f-9fc2-75b239a7730f-00025a4e,Plástico,
,Subproyecto1,,,,CIR_02_V04,,obra_gris,,Walls,,,,,Genérico - 200 mm,Genérico - 200 mm,,,,,obra_gris|Walls||Genérico - 200 mm,,,,154248,,,,,,,,82c8d020-319f-497f-9fc2-75b239a7730f-00025a88,Plástico,
,Subproyecto1,,,,,,obra_gris,,Walls,,,,,Genérico - 200 mm,Genérico - 200 mm,,,,,obra_gris|Walls||Genérico - 200 mm,,,,154300,,,,,,,,82c8d020-319f-497f-9fc2-75b239a7730f-00025abc,Plástico,
,Subproyecto1,,,,,,obra_gris,,Floors,,,,,Hormigón-362 mm comercial,Hormigón-362 mm comercial,Nivel 1,,,,obra_gris|Floors||Hormigón-362 mm comercial,,,,154367,,,,,,,,82c8d020-319f-497f-9fc2-75b239a7730f-00025aff,"Hormigón, moldeado in situ",
,Subproyecto1,,,,CIR_02_V04,,obra_gris,,Floors,,,,,Hormigón 160 mm con chapa grecada 50 mm,Hormigón 160 mm con chapa grecada 50 mm,Nivel 2,,,,obra_gris|Floors||Hormigón 160 mm con chapa grecada 50 mm,,,,154624,,,,,,,,1192f475-90fc-43d8-a4f8-29b11d73f723-00025c00,Nuevo material por defecto(1),
,Subproyecto1,,,,,,otros,,Generic Models,,,,,Modelos genéricos 1,Modelos genéricos 1,,,,,otros|Generic Models|Modelos genéricos 1|Modelos genéricos 1,,,,155128,Modelos genéricos 1,,,,,,,1192f475-90fc-43d8-a4f8-29b11d73f723-00025df8,,
,Subproyecto1,,,,,,otros,,Generic Models,,,,,Modelos genéricos 1,Modelos genéricos 1,,,,,otros|Generic Models|Modelos genéricos 2|Modelos genéricos 1,,,,156111,Modelos genéricos 2,,,,,,,379981ba-ab79-4577-9004-ad3cc41f4fee-000261cf,,
,Subproyecto1,,,,,,otros,,Generic Models,,,,,Modelos genéricos 1,Modelos genéricos 1,,,,,otros|Generic Models|Modelos genéricos 3|Modelos genéricos 1,,,,156127,Modelos genéricos 3,,,,,,,379981ba-ab79-4577-9004-ad3cc41f4fee-000261df,,
,Subproyecto1,,,,,,otros,,Generic Models,,,,,Modelos genéricos 1,Modelos genéricos 1,,,,,otros|Generic Models|Modelos genéricos 4|Modelos genéricos 1,,,,156153,Modelos genéricos 4,,,,,,,379981ba-ab79-4577-9004-ad3cc41f4fee-000261f9,,
,Subproyecto1,,,,,,otros,,Generic Models,,,,,Modelos genéricos 1,Modelos genéricos 1,,,,,otros|Generic Models|Modelos genéricos 5|Modelos genéricos 1,,,,156169,Modelos genéricos 5,,,,,,,379981ba-ab79-4577-9004-ad3cc41f4fee-00026209,,
,Subproyecto1,,,,,,otros,,Generic Models,,,,,Modelos genéricos 1,Modelos genéricos 1,,,,,otros|Generic Models|Modelos genéricos 6|Modelos genéricos 1,,,,156228,Modelos genéricos 6,,,,,,,379981ba-ab79-4577-9004-ad3cc41f4fee-00026244,,
,Subproyecto1,,,,,,otros,,Generic Models,,,,,Modelos genéricos 1,Modelos genéricos 1,,,,,otros|Generic Models|Modelos genéricos 7|Modelos genéricos 1,,,,156246,Modelos genéricos 7,,,,,,,379981ba-ab79-4577-9004-ad3cc41f4fee-00026256,,
,Subproyecto1,,,,,,obra_gris,,Walls,,,,,Genérico - 200 mm,Genérico - 200 mm,,,,,obra_gris|Walls||Genérico - 200 mm,,,,157168,,,,,,,,379981ba-ab79-4577-9004-ad3cc41f4fee-000265f0,Plástico,
,Subproyecto1,,,,,,obra_gris,,Walls,,,,,Genérico - 200 mm,Genérico - 200 mm,,,,,obra_gris|Walls||Genérico - 200 mm,,,,157223,,,,,,,,379981ba-ab79-4577-9004-ad3cc41f4fee-00026627,Plástico,
,Subproyecto1,,,,,,obra_gris,,Walls,,,,,Genérico - 200 mm,Genérico - 200 mm,,,,,obra_gris|Walls||Genérico - 200 mm,,,,157285,,,,,,,,379981ba-ab79-4577-9004-ad3cc41f4fee-00026665,Plástico,
,Subproyecto1,,,,,,obra_gris,,Walls,,,,,Genérico - 200 mm,Genérico - 200 mm,,,,,obra_gris|Walls||Genérico - 200 mm,,,,157340,,,,,,,,379981ba-ab79-4577-9004-ad3cc41f4fee-0002669c,Plástico,
,Subproyecto1,,,,,,obra_gris,,Walls,,,,,Genérico - 200 mm,Genérico - 200 mm,,,,,obra_gris|Walls||Genérico - 200 mm,,,,157486,,,,,,,,379981ba-ab79-4577-9004-ad3cc41f4fee-0002672e,Plástico,
,Subproyecto1,,,,,,obra_gris,,Walls,,,,,Genérico - 200 mm,Genérico - 200 mm,,,,,obra_gris|Walls||Genérico - 200 mm,,,,157562,,,,,,,,379981ba-ab79-4577-9004-ad3cc41f4fee-0002677a,Plástico,
,Subproyecto1,,,,,,obra_gris,,Walls,,,,,Genérico - 200 mm,Genérico - 200 mm,,,,,obra_gris|Walls||Genérico - 200 mm,,,,157672,,,,,,,,379981ba-ab79-4577-9004-ad3cc41f4fee-000267e8,Plástico,
,Subproyecto1,,,,,,obra_gris,,Walls,,,,,Genérico - 200 mm,Genérico - 200 mm,,,,,obra_gris|Walls||Genérico - 200 mm,,,,157722,,,,,,,,379981ba-ab79-4577-9004-ad3cc41f4fee-0002681a,Plástico,
,Subproyecto1,,,,,,obra_gris,,Walls,,,,,Genérico - 200 mm,Genérico - 200 mm,,,,,obra_gris|Walls||Genérico - 200 mm,,,,157821,,,,,,,,379981ba-ab79-4577-9004-ad3cc41f4fee-0002687d,Plástico,
,Subproyecto1,,,,,,obra_gris,,Walls,,,,,Genérico - 200 mm,Genérico - 200 mm,,,,,obra_gris|Walls||Genérico - 200 mm,,,,157871,,,,,,,,379981ba-ab79-4577-9004-ad3cc41f4fee-000268af,Plástico,
,Subproyecto1,,,,,,obra_gris,,Walls,,,,,Genérico - 200 mm,Genérico - 200 mm,,,,,obra_gris|Walls||Genérico - 200 mm,,,,157928,,,,,,,,379981ba-ab79-4577-9004-ad3cc41f4fee-000268e8,Plástico,
,Subproyecto1,,,,,,obra_gris,,Walls,,,,,Genérico - 200 mm,Genérico - 200 mm,,,,,obra_gris|Walls||Genérico - 200 mm,,,,157978,,,,,,,,379981ba-ab79-4577-9004-ad3cc41f4fee-0002691a,Plástico,
,Subproyecto1,,,,,,obra_gris,,Walls,,,,,Genérico - 200 mm,Genérico - 200 mm,,,,,obra_gris|Walls||Genérico - 200 mm,,,,158105,,,,,,,,379981ba-ab79-4577-9004-ad3cc41f4fee-00026999,Plástico,
,Subproyecto1,,,,,,obra_gris,,Walls,,,,,Genérico - 200 mm,Genérico - 200 mm,,,,,obra_gris|Walls||Genérico - 200 mm,,,,158157,,,,,,,,379981ba-ab79-4577-9004-ad3cc41f4fee-000269cd,Plástico,
,Subproyecto1,,,,,,obra_gris,,Walls,,,,,Genérico - 200 mm,Genérico - 200 mm,,,,,obra_gris|Walls||Genérico - 200 mm,,,,158243,,,,,,,,379981ba-ab79-4577-9004-ad3cc41f4fee-00026a23,Plástico,
,Subproyecto1,,,,,,obra_gris,,Walls,,,,,Genérico - 200 mm,Genérico - 200 mm,,,,,obra_gris|Walls||Genérico - 200 mm,,,,158302,,,,,,,,379981ba-ab79-4577-9004-ad3cc41f4fee-00026a5e,Plástico,
,Subproyecto1,,,,,,obra_gris,,Walls,,,,,Genérico - 200 mm,Genérico - 200 mm,,,,,obra_gris|Walls||Genérico - 200 mm,,,,158492,,,,,,,,379981ba-ab79-4577-9004-ad3cc41f4fee-00026b1c,Plástico,
,Subproyecto1,,,,,,obra_gris,,Walls,,,,,Genérico - 200 mm,Genérico - 200 mm,,,,,obra_gris|Walls||Genérico - 200 mm,,,,158567,,,,,,,,379981ba-ab79-4577-9004-ad3cc41f4fee-00026b67,Plástico,
,Subproyecto1,,,,,,obra_gris,,Walls,,,,,Genérico - 200 mm,Genérico - 200 mm,,,,,obra_gris|Walls||Genérico - 200 mm,,,,158642,,,,,,,,379981ba-ab79-4577-9004-ad3cc41f4fee-00026bb2,Plástico,
,Subproyecto1,,,,,,obra_gris,,Walls,,,,,Genérico - 200 mm,Genérico - 200 mm,,,,,obra_gris|Walls||Genérico - 200 mm,,,,158727,,,,,,,,379981ba-ab79-4577-9004-ad3cc41f4fee-00026c07,Plástico,
,Subproyecto1,,,,,,obra_gris,,Walls,,,,,Genérico - 200 mm,Genérico - 200 mm,,,,,obra_gris|Walls||Genérico - 200 mm,,,,161063,,,,,,,,c75bd4f0-baf2-4f40-8a34-9dc82f291cda-00027527,Plástico,
,Subproyecto1,,,,,,obra_gris,,Walls,,,,,Genérico - 200 mm,Genérico - 200 mm,,,,,obra_gris|Walls||Genérico - 200 mm,,,,161123,,,,,,,,c75bd4f0-baf2-4f40-8a34-9dc82f291cda-00027563,Plástico,
,Subproyecto1,,,,,,obra_gris,,Walls,,,,,Genérico - 200 mm,Genérico - 200 mm,,,,,obra_gris|Walls||Genérico - 200 mm,,,,161192,,,,,,,,c75bd4f0-baf2-4f40-8a34-9dc82f291cda-000275a8,Plástico,
,Subproyecto1,,,,,,obra_gris,,Walls,,,,,Genérico - 200 mm,Genérico - 200 mm,,,,,obra_gris|Walls||Genérico - 200 mm,,,,161238,,,,,,,,c75bd4f0-baf2-4f40-8a34-9dc82f291cda-000275d6,Plástico,
,Subproyecto1,,,,,,obra_gris,,Walls,,,,,Genérico - 200 mm,Genérico - 200 mm,,,,,obra_gris|Walls||Genérico - 200 mm,,,,161360,,,,,,,,c75bd4f0-baf2-4f40-8a34-9dc82f291cda-00027650,Plástico,
,Subproyecto1,,,,,,obra_gris,,Walls,,,,,Genérico - 200 mm,Genérico - 200 mm,,,,,obra_gris|Walls||Genérico - 200 mm,,,,161426,,,,,,,,c75bd4f0-baf2-4f40-8a34-9dc82f291cda-00027692,Plástico,
,Subproyecto1,,,,,,obra_gris,,Walls,,,,,Genérico - 200 mm,Genérico - 200 mm,,,,,obra_gris|Walls||Genérico - 200 mm,,,,161516,,,,,,,,c75bd4f0-baf2-4f40-8a34-9dc82f291cda-000276ec,Plástico,
,Subproyecto1,,,,,,obra_gris,,Walls,,,,,Genérico - 200 mm,Genérico - 200 mm,,,,,obra_gris|Walls||Genérico - 200 mm,,,,161575,,,,,,,,c75bd4f0-baf2-4f40-8a34-9dc82f291cda-00027727,Plástico,
,Subproyecto1,,,,,,obra_gris,,Walls,,,,,Genérico - 200 mm,Genérico - 200 mm,,,,,obra_gris|Walls||Genérico - 200 mm,,,,161691,,,,,,,,c75bd4f0-baf2-4f40-8a34-9dc82f291cda-0002779b,Plástico,
,Subproyecto1,,,,,,obra_gris,,Walls,,,,,Genérico - 200 mm,Genérico - 200 mm,,,,,obra_gris|Walls||Genérico - 200 mm,,,,161828,,,,,,,,c75bd4f0-baf2-4f40-8a34-9dc82f291cda-00027824,Plástico,
,Subproyecto1,,,,,,obra_gris,,Walls,,,,,Genérico - 200 mm,Genérico - 200 mm,,,,,obra_gris|Walls||Genérico - 200 mm,,,,163663,,,,,,,,c75bd4f0-baf2-4f40-8a34-9dc82f291cda-00027f4f,Plástico,
,Subproyecto1,,,,,,obra_gris,,Walls,,,,,Genérico - 200 mm,Genérico - 200 mm,,,,,obra_gris|Walls||Genérico - 200 mm,,,,163740,,,,,,,,c75bd4f0-baf2-4f40-8a34-9dc82f291cda-00027f9c,Plástico,
,Subproyecto1,,,,,,obra_gris,,Walls,,,,,Genérico - 200 mm,Genérico - 200 mm,,,,,obra_gris|Walls||Genérico - 200 mm,,,,163996,,,,,,,,c75bd4f0-baf2-4f40-8a34-9dc82f291cda-0002809c,Plástico,
,Subproyecto1,,,,,,obra_gris,,Walls,,,,,Genérico - 200 mm,Genérico - 200 mm,,,,,obra_gris|Walls||Genérico - 200 mm,,,,164201,,,,,,,,c75bd4f0-baf2-4f40-8a34-9dc82f291cda-00028169,Plástico,
,Subproyecto1,,,,,,obra_gris,,Walls,,,,,Genérico - 200 mm,Genérico - 200 mm,,,,,obra_gris|Walls||Genérico - 200 mm,,,,164427,,,,,,,,c75bd4f0-baf2-4f40-8a34-9dc82f291cda-0002824b,Plástico,
,Subproyecto1,,,,,,obra_gris,,Walls,,,,,Genérico - 200 mm,Genérico - 200 mm,,,,,obra_gris|Walls||Genérico - 200 mm,,,,164558,,,,,,,,c75bd4f0-baf2-4f40-8a34-9dc82f291cda-000282ce,Plástico,
,Subproyecto1,,,,,,obra_gris,,Walls,,,,,Genérico - 200 mm,Genérico - 200 mm,,,,,obra_gris|Walls||Genérico - 200 mm,,,,164840,,,,,,,,c75bd4f0-baf2-4f40-8a34-9dc82f291cda-000283e8,Plástico,
,Subproyecto1,,,,,,obra_gris,,Walls,,,,,Genérico - 200 mm,Genérico - 200 mm,,,,,obra_gris|Walls||Genérico - 200 mm,,,,164922,,,,,,,,c75bd4f0-baf2-4f40-8a34-9dc82f291cda-0002843a,Plástico,
,Subproyecto1,,,,,,obra_gris,,Walls,,,,,Genérico - 200 mm,Genérico - 200 mm,,,,,obra_gris|Walls||Genérico - 200 mm,,,,164973,,,,,,,,c75bd4f0-baf2-4f40-8a34-9dc82f291cda-0002846d,Plástico,
,Subproyecto1,,,,,,obra_gris,,Walls,,,,,Genérico - 200 mm,Genérico - 200 mm,,,,,obra_gris|Walls||Genérico - 200 mm,,,,165031,,,,,,,,c75bd4f0-baf2-4f40-8a34-9dc82f291cda-000284a7,Plástico,
,Subproyecto1,,,,,,obra_gris,,Walls,,,,,Genérico - 200 mm,Genérico - 200 mm,,,,,obra_gris|Walls||Genérico - 200 mm,,,,165098,,,,,,,,c75bd4f0-baf2-4f40-8a34-9dc82f291cda-000284ea,Plástico,
,Subproyecto1,,,,,,obra_gris,,Walls,,,,,Genérico - 200 mm,Genérico - 200 mm,,,,,obra_gris|Walls||Genérico - 200 mm,,,,165146,,,,,,,,c75bd4f0-baf2-4f40-8a34-9dc82f291cda-0002851a,Plástico,
,Subproyecto1,,,,,,obra_gris,,Walls,,,,,Genérico - 200 mm,Genérico - 200 mm,,,,,obra_gris|Walls||Genérico - 200 mm,,,,165209,,,,,,,,c75bd4f0-baf2-4f40-8a34-9dc82f291cda-00028559,Plástico,
,Subproyecto1,,,,,,obra_gris,,Walls,,,,,Genérico - 200 mm,Genérico - 200 mm,,,,,obra_gris|Walls||Genérico - 200 mm,,,,165252,,,,,,,,c75bd4f0-baf2-4f40-8a34-9dc82f291cda-00028584,Plástico,
,Subproyecto1,,,,,,obra_gris,,Walls,,,,,Genérico - 200 mm,Genérico - 200 mm,,,,,obra_gris|Walls||Genérico - 200 mm,,,,165528,,,,,,,,c75bd4f0-baf2-4f40-8a34-9dc82f291cda-00028698,Plástico,
,Subproyecto1,,,,,,obra_gris,,Walls,,,,,Genérico - 200 mm,Genérico - 200 mm,,,,,obra_gris|Walls||Genérico - 200 mm,,,,165596,,,,,,,,c75bd4f0-baf2-4f40-8a34-9dc82f291cda-000286dc,Plástico,
,Subproyecto1,,,,,,obra_gris,,Walls,,,,,Genérico - 200 mm,Genérico - 200 mm,,,,,obra_gris|Walls||Genérico - 200 mm,,,,165946,,,,,,,,e42370da-1003-4b82-9a27-4cb40db2c9bb-0002883a,Plástico,
,Subproyecto1,,,,,,obra_gris,,Walls,,,,,Genérico - 200 mm,Genérico - 200 mm,,,,,obra_gris|Walls||Genérico - 200 mm,,,,165967,,,,,,,,e42370da-1003-4b82-9a27-4cb40db2c9bb-0002884f,Plástico,
,Subproyecto1,,,,,,obra_gris,,Walls,,,,,Genérico - 200 mm,Genérico - 200 mm,,,,,obra_gris|Walls||Genérico - 200 mm,,,,167352,,,,,,,,e42370da-1003-4b82-9a27-4cb40db2c9bb-00028db8,Plástico,
,Subproyecto1,,,,,,obra_gris,,Walls,,,,,Genérico - 200 mm,Genérico - 200 mm,,,,,obra_gris|Walls||Genérico - 200 mm,,,,167483,,,,,,,,e42370da-1003-4b82-9a27-4cb40db2c9bb-00028e3b,Plástico,
,Subproyecto1,,,,,,obra_gris,,Walls,,,,,Genérico - 200 mm,Genérico - 200 mm,,,,,obra_gris|Walls||Genérico - 200 mm,,,,169527,,,,,,,,e42370da-1003-4b82-9a27-4cb40db2c9bb-00029637,Plástico,
,Subproyecto1,,,,,,otros,,Generic Models,,,,,Modelos genéricos 8,Modelos genéricos 8,,,,,otros|Generic Models|Modelos genéricos 8|Modelos genéricos 8,,,,170794,Modelos genéricos 8,,,,,,,358aa91e-12c5-4b99-b609-4e1e7ac885f9-00029b2a,,
,Subproyecto1,,,,PTD_A2;PTC_B3;PTC_E2_V02;PTD_F5_V03,,obra_gris,,Walls,,,,,Genérico - 200 mm,Genérico - 200 mm,,,,,obra_gris|Walls||Genérico - 200 mm,,,,171064,,,,,,,,358aa91e-12c5-4b99-b609-4e1e7ac885f9-00029c38,Plástico,
,Subproyecto1,,,,CIR_01_V02;CIR_02_V02;CIR_05_V02;CIR_05_V03;PTD_E3_V03;PTD_F5_V03,,obra_gris,,Walls,,,,,Genérico - 200 mm,Genérico - 200 mm,,,,,obra_gris|Walls||Genérico - 200 mm,,,,171135,,,,,,,,358aa91e-12c5-4b99-b609-4e1e7ac885f9-00029c7f,Plástico,
,Subproyecto1,,,,PTD_A2;PTC_B3;PTD_E3_V03;PTD_F5_V03,,obra_gris,,Walls,,,,,Genérico - 200 mm,Genérico - 200 mm,,,,,obra_gris|Walls||Genérico - 200 mm,,,,171365,,,,,,,,358aa91e-12c5-4b99-b609-4e1e7ac885f9-00029d65,Plástico,
,Subproyecto1,,,,PTD_A2;PTC_B3;PTD_E3_V03;PTC_E2_V02;PTD_A2_V02;PTD_F5_V03,,obra_gris,,Walls,,,,,Genérico - 200 mm,Genérico - 200 mm,,,,,obra_gris|Walls||Genérico - 200 mm,,,,171445,,,,,,,,358aa91e-12c5-4b99-b609-4e1e7ac885f9-00029db5,Plástico,
,Subproyecto1,,,,PTD_A1;PTC_B1;PTC_E3_V03;PTC_B1_V01;PTD_B1_V01;PTC_E01_V01;PTC_F4_V01;PTD_F3_V01;PTD_F6_V01,,obra_gris,,Walls,,,,,Genérico - 200 mm,Genérico - 200 mm,,,,,obra_gris|Walls||Genérico - 200 mm,,,,173419,,,,,,,,d112fcda-fad5-481f-8e37-b7906a02986c-0002a56b,Plástico,
,Subproyecto1,,,,PTD_F3_V01;PTD_F6_V01,,obra_gris,,Walls,,,,,Genérico - 200 mm,Genérico - 200 mm,,,,,obra_gris|Walls||Genérico - 200 mm,,,,173525,,,,,,,,d112fcda-fad5-481f-8e37-b7906a02986c-0002a5d5,Plástico,
,Subproyecto1,,,,PTD_A1;PTC_B1;PTC_B1_V01;PTC_E01_V01;PTD_F3_V01;PTD_F6_V01,,obra_gris,,Walls,,,,,Genérico - 200 mm,Genérico - 200 mm,,,,,obra_gris|Walls||Genérico - 200 mm,,,,173615,,,,,,,,d112fcda-fad5-481f-8e37-b7906a02986c-0002a62f,Plástico,
,Subproyecto1,,,,PTD_A1_V01;PTC_B1_V01;PTC_E3_V03;PTD_B1_V01;PTC_E01_V01;PTC_F4_V01;PTD_F3_V01;PTD_F6_V01,,obra_gris,,Walls,,,,,Genérico - 200 mm,Genérico - 200 mm,,,,,obra_gris|Walls||Genérico - 200 mm,,,,173699,,,,,,,,d112fcda-fad5-481f-8e37-b7906a02986c-0002a683,Plástico,
,Subproyecto1,,,,CIR_01_V01;CIR_01_V02;CIR_01_V03;CIR_01_V04;CIR_01_V05;CIR_01_V06;CIR_06_V01;CIR_02_V01;CIR_02_V02;CIR_02_V03;CIR_02_V04;CIR_02_V05;CIR_05_V02;CIR_08_V02;CIR_07_V01;CIR_07_V02;CIR_08_V01;CIR_08_V03,,obra_gris,,Walls,,,,,Genérico - 200 mm,Genérico - 200 mm,,,,,obra_gris|Walls||Genérico - 200 mm,,,,174051,,,,,,,,d112fcda-fad5-481f-8e37-b7906a02986c-0002a7e3,Plástico,
,Subproyecto1,,,,CIR_01_V01;CIR_01_V02;CIR_01_V03;CIR_01_V04;CIR_01_V05;CIR_01_V06;CIR_06_V01;CIR_02_V01;CIR_02_V02;CIR_02_V03;CIR_02_V04;CIR_02_V05;CIR_05_V02;CIR_07_V03;CIR_08_V02;CIR_07_V01;CIR_07_V02;CIR_08_V01;CIR_08_V03,,obra_gris,,Walls,,,,,Genérico - 200 mm,Genérico - 200 mm,,,,,obra_gris|Walls||Genérico - 200 mm,,,,174197,,,,,,,,d112fcda-fad5-481f-8e37-b7906a02986c-0002a875,Plástico,
,Subproyecto1,,,,,,obra_gris,,Walls,,,,,Genérico - 200 mm,Genérico - 200 mm,,,,,obra_gris|Walls||Genérico - 200 mm,,,,174419,,,,,,,,d112fcda-fad5-481f-8e37-b7906a02986c-0002a953,Plástico,
,Subproyecto1,,,,,,obra_gris,,Walls,,,,,Genérico - 200 mm,Genérico - 200 mm,,,,,obra_gris|Walls||Genérico - 200 mm,,,,174509,,,,,,,,d112fcda-fad5-481f-8e37-b7906a02986c-0002a9ad,Plástico,
,Subproyecto1,,,,PTC_D1_V01,,obra_gris,,Walls,,,,,Genérico - 200 mm,Genérico - 200 mm,,,,,obra_gris|Walls||Genérico - 200 mm,,,,174589,,,,,,,,d112fcda-fad5-481f-8e37-b7906a02986c-0002a9fd,Plástico,
,Subproyecto1,,,,PTC_D1_V01,,obra_gris,,Walls,,,,,Genérico - 200 mm,Genérico - 200 mm,,,,,obra_gris|Walls||Genérico - 200 mm,,,,174680,,,,,,,,d112fcda-fad5-481f-8e37-b7906a02986c-0002aa58,Plástico,
,Subproyecto1,,,,PTD_A6;PTD_A5_V05;PTD_E01_V01;PTD_E02_V02,,obra_gris,,Walls,,,,,Genérico - 200 mm,Genérico - 200 mm,,,,,obra_gris|Walls||Genérico - 200 mm,,,,174881,,,,,,,,d112fcda-fad5-481f-8e37-b7906a02986c-0002ab21,Plástico,
,Subproyecto1,,,,PTD_A6;PTD_A5_V05;PTD_E01_V01;PTD_E02_V02,,obra_gris,,Walls,,,,,Genérico - 200 mm,Genérico - 200 mm,,,,,obra_gris|Walls||Genérico - 200 mm,,,,174942,,,,,,,,d112fcda-fad5-481f-8e37-b7906a02986c-0002ab5e,Plástico,
,Subproyecto1,,,,PTD_A6;PTD_A5_V05;PTD_E01_V01;PTD_E02_V02,,obra_gris,,Walls,,,,,Genérico - 200 mm,Genérico - 200 mm,,,,,obra_gris|Walls||Genérico - 200 mm,,,,174987,,,,,,,,d112fcda-fad5-481f-8e37-b7906a02986c-0002ab8b,Plástico,
,Subproyecto1,,,,PTD_C1_V01;PTD_D1_V01,,otros,,Generic Models,,,,,Modelos genéricos 1,Modelos genéricos 1,,,,,otros|Generic Models|Modelos genéricos 10|Modelos genéricos 1,,,,175478,Modelos genéricos 10,,,,,,,d112fcda-fad5-481f-8e37-b7906a02986c-0002ad76,,
,Subproyecto1,,,,PTD_C1_V01;PTD_D1_V01,,otros,,Generic Models,,,,,Modelos genéricos 1,Modelos genéricos 1,,,,,otros|Generic Models|Modelos genéricos 9|Modelos genéricos 1,,,,175553,Modelos genéricos 9,,,,,,,d112fcda-fad5-481f-8e37-b7906a02986c-0002adc1,,
,Subproyecto1,,,,PTD_A3_V03;PTC_B3_V03;PTD_E2_V02;PTD_B2_V03;PTD_A2_V02;PTC_E02_V02;PTD_F4_V01;PTC_F6_V01,,obra_gris,,Walls,,,,,Genérico - 200 mm,Genérico - 200 mm,,,,,obra_gris|Walls||Genérico - 200 mm,,,,181814,,,,,,,,cded2142-e338-43a3-afff-586b29ff4baa-0002c636,Plástico,
,Subproyecto1,,,,PTD_A3_V03;PTC_B3_V03;PTD_E2_V02;PTD_B2_V03;PTC_E02_V02;PTD_F4_V01;PTC_F6_V01,,obra_gris,,Walls,,,,,Genérico - 200 mm,Genérico - 200 mm,,,,,obra_gris|Walls||Genérico - 200 mm,,,,181815,,,,,,,,cded2142-e338-43a3-afff-586b29ff4baa-0002c637,Plástico,
,Subproyecto1,,,,PTD_A3_V03;PTC_B3_V03;PTD_E2_V02;PTD_B2_V03;PTC_E02_V02;PTD_F4_V01;PTC_F6_V01,,obra_gris,,Walls,,,,,Genérico - 200 mm,Genérico - 200 mm,,,,,obra_gris|Walls||Genérico - 200 mm,,,,181816,,,,,,,,cded2142-e338-43a3-afff-586b29ff4baa-0002c638,Plástico,
,Subproyecto1,,,,PTD_A3_V03;PTC_B3_V03;PTD_E2_V02;PTD_B2_V03;PTD_A2_V02;PTC_E02_V02;PTD_F4_V01;PTC_F6_V01,,obra_gris,,Walls,,,,,Genérico - 200 mm,Genérico - 200 mm,,,,,obra_gris|Walls||Genérico - 200 mm,,,,181893,,,,,,,,cded2142-e338-43a3-afff-586b29ff4baa-0002c685,Plástico,
,Subproyecto1,,,,PTD_A3;PTC_B2;PTC_B2_V03;PTC_E02_V02;PTD_F4_V01;PTC_F6_V01,,obra_gris,,Walls,,,,,Genérico - 200 mm,Genérico - 200 mm,,,,,obra_gris|Walls||Genérico - 200 mm,,,,181965,,,,,,,,cded2142-e338-43a3-afff-586b29ff4baa-0002c6cd,Plástico,
,Subproyecto1,,,,PTD_A3;PTC_B2;PTC_B2_V03;PTC_E02_V02;PTD_F4_V01;PTC_F6_V01,,obra_gris,,Walls,,,,,Genérico - 200 mm,Genérico - 200 mm,,,,,obra_gris|Walls||Genérico - 200 mm,,,,181966,,,,,,,,cded2142-e338-43a3-afff-586b29ff4baa-0002c6ce,Plástico,
,Subproyecto1,,,,PTD_A3;PTC_B2;PTC_B2_V03;PTC_E02_V02;PTD_F4_V01;PTC_F6_V01,,obra_gris,,Walls,,,,,Genérico - 200 mm,Genérico - 200 mm,,,,,obra_gris|Walls||Genérico - 200 mm,,,,181967,,,,,,,,cded2142-e338-43a3-afff-586b29ff4baa-0002c6cf,Plástico,
,Subproyecto1,,,,PTD_A3;PTC_B2;PTC_B2_V03;PTC_E02_V02;PTD_F4_V01;PTC_F6_V01,,obra_gris,,Walls,,,,,Genérico - 200 mm,Genérico - 200 mm,,,,,obra_gris|Walls||Genérico - 200 mm,,,,181969,,,,,,,,cded2142-e338-43a3-afff-586b29ff4baa-0002c6d1,Plástico,
,Subproyecto1,,,,PTD_F1_V01;PTC_F3_V01,,otros,,Generic Models,,,,,Modelos genéricos 11,Modelos genéricos 11,,,,,otros|Generic Models|Modelos genéricos 11|Modelos genéricos 11,,,,182559,Modelos genéricos 11,,,,,,,cded2142-e338-43a3-afff-586b29ff4baa-0002c91f,,
,Subproyecto1,,,,,,otros,,Generic Models,,,,,Modelos genéricos 12,Modelos genéricos 12,,,,,otros|Generic Models|Modelos genéricos 12|Modelos genéricos 12,,,,183748,Modelos genéricos 12,,,,,,,44e23cee-ddf9-45d1-a522-17a396cbe67a-0002cdc4,,
,Subproyecto1,,,,,,otros,,Generic Models,,,,,Modelos genéricos 12,Modelos genéricos 12,,,,,otros|Generic Models|Modelos genéricos 13|Modelos genéricos 12,,,,184072,Modelos genéricos 13,,,,,,,44e23cee-ddf9-45d1-a522-17a396cbe67a-0002cf08,,
,Subproyecto1,,,,PTD_F1_V01;PTC_F3_V01,,otros,,Generic Models,,,,,Modelos genéricos 14,Modelos genéricos 14,,,,,otros|Generic Models|Modelos genéricos 14|Modelos genéricos 14,,,,184738,Modelos genéricos 14,,,,,,,44e23cee-ddf9-45d1-a522-17a396cbe67a-0002d1a2,,
,Subproyecto1,,,,,,obra_gris,,Floors,,,,,techo curvo,techo curvo,Nivel 1a,,,,obra_gris|Floors|techo curvo|techo curvo,,,,190078,techo curvo,,,,,,,9fc45961-bb32-442c-aa4c-647cad2ecef0-0002e67e,,
,Subproyecto1,,,,,,obra_gris,,Walls,,,,,Genérico - 200 mm,Genérico - 200 mm,,,,,obra_gris|Walls||Genérico - 200 mm,,,,192656,,,,,,,,f3a3bbf9-3743-4df3-87f9-b889088f6b0b-0002f090,Plástico,
,Subproyecto1,,,,,,obra_gris,,Walls,,,,,Genérico - 200 mm,Genérico - 200 mm,,,,,obra_gris|Walls||Genérico - 200 mm,,,,192729,,,,,,,,f3a3bbf9-3743-4df3-87f9-b889088f6b0b-0002f0d9,Plástico,
,Subproyecto1,,,,,,obra_gris,,Walls,,,,,Genérico - 200 mm,Genérico - 200 mm,,,,,obra_gris|Walls||Genérico - 200 mm,,,,192848,,,,,,,,f3a3bbf9-3743-4df3-87f9-b889088f6b0b-0002f150,Plástico,
,Subproyecto1,,,,,,obra_gris,,Walls,,,,,Genérico - 200 mm,Genérico - 200 mm,,,,,obra_gris|Walls||Genérico - 200 mm,,,,192930,,,,,,,,f3a3bbf9-3743-4df3-87f9-b889088f6b0b-0002f1a2,Plástico,
,Subproyecto1,,,,,,obra_gris,,Walls,,,,,Genérico - 200 mm,Genérico - 200 mm,,,,,obra_gris|Walls||Genérico - 200 mm,,,,193397,,,,,,,,f3a3bbf9-3743-4df3-87f9-b889088f6b0b-0002f375,Plástico,
,Subproyecto1,,,,PTD_A4_V04;PTD_E01_V01;PTD_E02_V02,,obra_gris,,Walls,,,,,Genérico - 200 mm,Genérico - 200 mm,,,,,obra_gris|Walls||Genérico - 200 mm,,,,194848,,,,,,,,f81472a3-6fc8-48c2-b0db-9288e233878c-0002f920,Plástico,
,Subproyecto1,,,,PTD_A4_V04;PTD_E01_V01;PTD_E02_V02,,obra_gris,,Walls,,,,,Genérico - 200 mm,Genérico - 200 mm,,,,,obra_gris|Walls||Genérico - 200 mm,,,,194849,,,,,,,,f81472a3-6fc8-48c2-b0db-9288e233878c-0002f921,Plástico,
,Subproyecto1,,,,PTD_A4_V04;PTD_E01_V01;PTD_E02_V02,,obra_gris,,Walls,,,,,Genérico - 200 mm,Genérico - 200 mm,,,,,obra_gris|Walls||Genérico - 200 mm,,,,194850,,,,,,,,f81472a3-6fc8-48c2-b0db-9288e233878c-0002f922,Plástico,
,Subproyecto1,,,,,,obra_gris,,Walls,,,,,Genérico - 200 mm,Genérico - 200 mm,,,,,obra_gris|Walls||Genérico - 200 mm,,,,194851,,,,,,,,f81472a3-6fc8-48c2-b0db-9288e233878c-0002f923,Plástico,
,Subproyecto1,,,,PTD_A1_V01;PTC_B1_V01;PTD_B1_V01;PTC_E01_V01;PTD_F3_V01;PTD_F6_V01,,obra_gris,,Walls,,,,,Genérico - 200 mm,Genérico - 200 mm,,,,,obra_gris|Walls||Genérico - 200 mm,,,,195053,,,,,,,,f81472a3-6fc8-48c2-b0db-9288e233878c-0002f9ed,Plástico,
,Subproyecto1,,,,PTD_A1_V01;PTD_B1_V01;PTD_E3_V03;PTC_E01_V01;PTC_F4_V01;PTD_F3_V01;PTD_F6_V01,,obra_gris,,Walls,,,,,Genérico - 200 mm,Genérico - 200 mm,,,,,obra_gris|Walls||Genérico - 200 mm,,,,195054,,,,,,,,f81472a3-6fc8-48c2-b0db-9288e233878c-0002f9ee,Plástico,
,Subproyecto1,,,,PTD_A1_V01;PTD_B1_V01;PTD_E3_V03;PTC_E01_V01;PTC_F4_V01;PTD_F3_V01,,obra_gris,,Walls,,,,,Genérico - 200 mm,Genérico - 200 mm,,,,,obra_gris|Walls||Genérico - 200 mm,,,,195055,,,,,,,,f81472a3-6fc8-48c2-b0db-9288e233878c-0002f9ef,Plástico,
,Subproyecto1,,,,,,obra_gris,,Walls,,,,,Genérico - 200 mm,Genérico - 200 mm,,,,,obra_gris|Walls||Genérico - 200 mm,,,,195056,,,,,,,,f81472a3-6fc8-48c2-b0db-9288e233878c-0002f9f0,Plástico,
,Subproyecto1,,,,PTD_A2_V01;PTC_B3_V02;PTD_01_V02;PTD_E3_V03;PTC_E2_V02;PTD_A2_V02,,obra_gris,,Walls,,,,,Genérico - 200 mm,Genérico - 200 mm,,,,,obra_gris|Walls||Genérico - 200 mm,,,,195200,,,,,,,,f81472a3-6fc8-48c2-b0db-9288e233878c-0002fa80,Plástico,
,Subproyecto1,,,,PTD_A2_V01;PTC_B3_V02;PTD_01_V02;PTD_E3_V03;PTC_E2_V02;PTD_A2_V02,,obra_gris,,Walls,,,,,Genérico - 200 mm,Genérico - 200 mm,,,,,obra_gris|Walls||Genérico - 200 mm,,,,195201,,,,,,,,f81472a3-6fc8-48c2-b0db-9288e233878c-0002fa81,Plástico,
,Subproyecto1,,,,PTD_A2_V01;PTC_B3_V02;PTD_01_V02;PTD_E3_V03;PTC_E2_V02;PTD_A2_V02,,obra_gris,,Walls,,,,,Genérico - 200 mm,Genérico - 200 mm,,,,,obra_gris|Walls||Genérico - 200 mm,,,,195202,,,,,,,,f81472a3-6fc8-48c2-b0db-9288e233878c-0002fa82,Plástico,
,Subproyecto1,,,,PTD_A2_V01;PTC_B3_V02;PTD_01_V02;PTD_E3_V03;PTC_E2_V02;PTD_A2_V02,,obra_gris,,Walls,,,,,Genérico - 200 mm,Genérico - 200 mm,,,,,obra_gris|Walls||Genérico - 200 mm,,,,195203,,,,,,,,f81472a3-6fc8-48c2-b0db-9288e233878c-0002fa83,Plástico,
,Subproyecto1,,,,,,obra_gris,,Walls,,,,,Genérico - 200 mm,Genérico - 200 mm,,,,,obra_gris|Walls||Genérico - 200 mm,,,,197440,,,,,,,,bdeb1f45-488f-41f4-88d5-f4c712d572d7-00030340,Plástico,
,Subproyecto1,,,,,,obra_gris,,Walls,,,,,Genérico - 200 mm,Genérico - 200 mm,,,,,obra_gris|Walls||Genérico - 200 mm,,,,197621,,,,,,,,bdeb1f45-488f-41f4-88d5-f4c712d572d7-000303f5,Plástico,
,Subproyecto1,,,,,,obra_gris,,Walls,,,,,Genérico - 200 mm,Genérico - 200 mm,,,,,obra_gris|Walls||Genérico - 200 mm,,,,197683,,,,,,,,bdeb1f45-488f-41f4-88d5-f4c712d572d7-00030433,Plástico,
,Subproyecto1,,,,CIR_01_V01;CIR_01_V02;CIR_01_V03;CIR_01_V04;CIR_01_V05;CIR_01_V06;CIR_02_V01;CIR_02_V02;CIR_02_V03;CIR_03_V01;CIR_04_V01;CIR_05_V01;CIR_05_V02;CIR_05_V03;CIR_02_V04;CIR_02_V05;CIR_07_V03;CIR_08_V02;CIR_07_V01;CIR_07_V02;CIR_08_V01;CIR_08_V03,,obra_gris,,Walls,,,,,Genérico - 200 mm,Genérico - 200 mm,,,,,obra_gris|Walls||Genérico - 200 mm,,,,198813,,,,,,,,bdeb1f45-488f-41f4-88d5-f4c712d572d7-0003089d,Plástico,
,Subproyecto1,,,,CIR_01_V01;CIR_01_V02;CIR_01_V03;CIR_01_V04;CIR_01_V05;CIR_01_V06;CIR_02_V01;CIR_02_V02;CIR_02_V03;CIR_03_V01;CIR_04_V01;CIR_05_V01;CIR_05_V02;CIR_05_V03;CIR_02_V04;CIR_02_V05;CIR_07_V03;CIR_08_V02;CIR_07_V01;CIR_07_V02;CIR_08_V01;CIR_08_V03,,obra_gris,,Walls,,,,,Genérico - 200 mm,Genérico - 200 mm,,,,,obra_gris|Walls||Genérico - 200 mm,,,,199244,,,,,,,,bdeb1f45-488f-41f4-88d5-f4c712d572d7-00030a4c,Plástico,
,Subproyecto1,,,,CIR_01_V01;CIR_01_V02;CIR_01_V03;CIR_01_V04;CIR_01_V05;CIR_01_V06;CIR_02_V01;CIR_02_V02;CIR_02_V03;CIR_03_V01;CIR_04_V01;CIR_05_V01;CIR_05_V02;CIR_05_V03;CIR_02_V04;CIR_07_V03;CIR_08_V02;CIR_07_V02;CIR_08_V01;CIR_08_V03,,obra_gris,,Walls,,,,,Genérico - 200 mm,Genérico - 200 mm,,,,,obra_gris|Walls||Genérico - 200 mm,,,,199346,,,,,,,,bdeb1f45-488f-41f4-88d5-f4c712d572d7-00030ab2,Plástico,
,Subproyecto1,,,,,,obra_gris,,Walls,,,,,Genérico - 200 mm,Genérico - 200 mm,,,,,obra_gris|Walls||Genérico - 200 mm,,,,199636,,,,,,,,bdeb1f45-488f-41f4-88d5-f4c712d572d7-00030bd4,Plástico,
,Subproyecto1,,,,,,obra_gris,,Floors,,,,,Camino industrial,Camino industrial,Nivel 1,,,,obra_gris|Floors||Camino industrial,,,,203772,,,,,,,,5b454621-eb24-48f7-a7ab-4cc203eecee7-00031bfc,,
,Subproyecto1,,,,,,obra_gris,,Floors,,,,,Camino industrial,Camino industrial,Nivel 1,,,,obra_gris|Floors||Camino industrial,,,,205206,,,,,,,,5b454621-eb24-48f7-a7ab-4cc203eecee7-00032196,,
,Subproyecto1,,,,SEC_RI_S1_S2,,obra_gris,,Floors,,,,,Camino industrial,Camino industrial,Nivel 1,,,,obra_gris|Floors||Camino industrial,,,,208220,,,,,,,,5b454621-eb24-48f7-a7ab-4cc203eecee7-00032d5c,,
,Subproyecto1,,,,,,obra_gris,,Floors,,,,,Camino industrial,Camino industrial,Nivel 1,,,,obra_gris|Floors||Camino industrial,,,,209400,,,,,,,,5b454621-eb24-48f7-a7ab-4cc203eecee7-000331f8,,
,Subproyecto1,,,,CIR_05_V03;CIR_01_V01;VUE_05_V01;VUE_02_V01;VUE_08_V02;CIR_08_V01;CIR_08_V03,,obra_gris,,Floors,,,,,Camino industrial,Camino industrial,Nivel 1,,,,obra_gris|Floors||Camino industrial,,,,209580,,,,,,,,5b454621-eb24-48f7-a7ab-4cc203eecee7-000332ac,,
,Subproyecto1,,,,CIR_05_V03;CIR_01_V01;VUE_05_V01;VUE_02_V01;VUE_08_V02;CIR_08_V01;CIR_08_V03,,obra_gris,,Floors,,,,,Camino industrial,Camino industrial,Nivel 1,,,,obra_gris|Floors||Camino industrial,,,,209587,,,,,,,,5b454621-eb24-48f7-a7ab-4cc203eecee7-000332b3,,
,Subproyecto1,,,,CIR_05_V03;CIR_01_V01;VUE_05_V01;VUE_02_V01;VUE_08_V02;CIR_08_V01;CIR_08_V03,,obra_gris,,Floors,,,,,Camino industrial,Camino industrial,Nivel 1,,,,obra_gris|Floors||Camino industrial,,,,209594,,,,,,,,5b454621-eb24-48f7-a7ab-4cc203eecee7-000332ba,,
,Subproyecto1,,,,CIR_05_V03;CIR_01_V01;VUE_05_V01;VUE_02_V01;VUE_08_V02;CIR_08_V01;CIR_08_V03,,obra_gris,,Floors,,,,,Camino industrial,Camino industrial,Nivel 1,,,,obra_gris|Floors||Camino industrial,,,,209601,,,,,,,,5b454621-eb24-48f7-a7ab-4cc203eecee7-000332c1,,
,Subproyecto1,,,,CIR_05_V03;CIR_01_V01;VUE_05_V01;VUE_02_V01;VUE_08_V02;CIR_08_V01;CIR_08_V03,,obra_gris,,Floors,,,,,Camino industrial,Camino industrial,Nivel 1,,,,obra_gris|Floors||Camino industrial,,,,209608,,,,,,,,5b454621-eb24-48f7-a7ab-4cc203eecee7-000332c8,,
,Subproyecto1,,,,CIR_05_V03;CIR_01_V01;VUE_05_V01;VUE_02_V01;VUE_08_V02;CIR_08_V01;CIR_08_V03,,obra_gris,,Floors,,,,,Camino industrial,Camino industrial,Nivel 1,,,,obra_gris|Floors||Camino industrial,,,,209615,,,,,,,,5b454621-eb24-48f7-a7ab-4cc203eecee7-000332cf,,
,Subproyecto1,,,,CIR_05_V03;CIR_01_V01;VUE_05_V01;VUE_02_V01;VUE_08_V02;CIR_08_V01;CIR_08_V03,,obra_gris,,Floors,,,,,Camino industrial,Camino industrial,Nivel 1,,,,obra_gris|Floors||Camino industrial,,,,209622,,,,,,,,5b454621-eb24-48f7-a7ab-4cc203eecee7-000332d6,,
,Subproyecto1,,,,CIR_05_V03;CIR_01_V01;VUE_05_V01;VUE_02_V01;VUE_08_V02;CIR_08_V01;CIR_08_V03;S5,,obra_gris,,Floors,,,,,Camino industrial,Camino industrial,Nivel 1,,,,obra_gris|Floors||Camino industrial,,,,209629,,,,,,,,5b454621-eb24-48f7-a7ab-4cc203eecee7-000332dd,,
,Subproyecto1,,,,CIR_05_V03;CIR_01_V01;VUE_05_V01;VUE_02_V01;VUE_08_V02;CIR_08_V01;CIR_08_V03,,obra_gris,,Floors,,,,,Camino industrial,Camino industrial,Nivel 1,,,,obra_gris|Floors||Camino industrial,,,,209636,,,,,,,,5b454621-eb24-48f7-a7ab-4cc203eecee7-000332e4,,
,Subproyecto1,,,,VUE_05_V03;CIR_05_V01;VUE_01_V01;CIR_02_V01;CIR_08_V02;VUE_08_V01;VUE_08_V03;SEC_RI_S4_S5,,obra_gris,,Floors,,,,,Camino industrial,Camino industrial,Nivel 1,,,,obra_gris|Floors||Camino industrial,,,,210089,,,,,,,,f7c5fe57-4bf3-4879-86cf-e7e56b2ec915-000334a9,,
,Subproyecto1,,,,VUE_05_V03;CIR_05_V01;VUE_01_V01;CIR_02_V01;CIR_08_V02;VUE_08_V01;VUE_08_V03;SEC_RI_S4_S5,,obra_gris,,Floors,,,,,Camino industrial,Camino industrial,Nivel 1,,,,obra_gris|Floors||Camino industrial,,,,210096,,,,,,,,f7c5fe57-4bf3-4879-86cf-e7e56b2ec915-000334b0,,
,Subproyecto1,,,,CIR_01_V01;CIR_01_V02;CIR_01_V03;CIR_01_V04;CIR_01_V05;CIR_01_V06;VUE_02_V01;VUE_02_V03;VUE_02_V02;VUE_05_V01;VUE_05_V02;VUE_05_V03;VUE_02_V04;VUE_02_V05;VUE_07_V03;VUE_08_V02;VUE_07_V01;VUE_07_V02;VUE_08_V01;CIR_08_V01;VUE_08_V03;CIR_08_V03;MIX_08_V01;MIX_08_V03;SEC_RI_S4_S5,,obra_gris,,Floors,,,,,Camino industrial,Camino industrial,Nivel 1,,,,obra_gris|Floors||Camino industrial,,,,210103,,,,,,,,f7c5fe57-4bf3-4879-86cf-e7e56b2ec915-000334b7,,
,Subproyecto1,,,,VUE_05_V03;CIR_05_V01;VUE_01_V01;CIR_02_V01;CIR_08_V02;VUE_08_V01;VUE_08_V03;SEC_RI_S4_S5,,obra_gris,,Floors,,,,,Camino industrial,Camino industrial,Nivel 1,,,,obra_gris|Floors||Camino industrial,,,,210124,,,,,,,,f7c5fe57-4bf3-4879-86cf-e7e56b2ec915-000334cc,,
,Subproyecto1,,,,VUE_05_V03;CIR_05_V01;VUE_01_V01;CIR_02_V01;CIR_08_V02;VUE_08_V01;VUE_08_V03;SEC_RI_S4_S5,,obra_gris,,Floors,,,,,Camino industrial,Camino industrial,Nivel 1,,,,obra_gris|Floors||Camino industrial,,,,210140,,,,,,,,f7c5fe57-4bf3-4879-86cf-e7e56b2ec915-000334dc,,
,Subproyecto1,,,,VUE_05_V03;CIR_05_V01;VUE_01_V01;CIR_02_V01;CIR_08_V02;VUE_08_V01;VUE_08_V03;SEC_RI_S4_S5,,obra_gris,,Floors,,,,,Camino industrial,Camino industrial,Nivel 1,,,,obra_gris|Floors||Camino industrial,,,,210147,,,,,,,,f7c5fe57-4bf3-4879-86cf-e7e56b2ec915-000334e3,,
,Subproyecto1,,,,VUE_05_V03;CIR_05_V01;VUE_01_V01;CIR_02_V01;CIR_08_V02;VUE_08_V01;VUE_08_V03;SEC_RI_S4_S5,,obra_gris,,Floors,,,,,Camino industrial,Camino industrial,Nivel 1,,,,obra_gris|Floors||Camino industrial,,,,210154,,,,,,,,f7c5fe57-4bf3-4879-86cf-e7e56b2ec915-000334ea,,
,Subproyecto1,,,,VUE_05_V03;CIR_05_V01;VUE_01_V01;CIR_02_V01;CIR_08_V02;VUE_08_V01;VUE_08_V03;SEC_RI_S4_S5,,obra_gris,,Floors,,,,,Camino industrial,Camino industrial,Nivel 1,,,,obra_gris|Floors||Camino industrial,,,,210161,,,,,,,,f7c5fe57-4bf3-4879-86cf-e7e56b2ec915-000334f1,,
,Subproyecto1,,,,VUE_05_V03;CIR_05_V01;VUE_01_V01;CIR_02_V01;CIR_08_V02;VUE_08_V01;VUE_08_V03;SEC_RI_S4_S5,,obra_gris,,Floors,,,,,Camino industrial,Camino industrial,Nivel 1,,,,obra_gris|Floors||Camino industrial,,,,210168,,,,,,,,f7c5fe57-4bf3-4879-86cf-e7e56b2ec915-000334f8,,
,Subproyecto1,,,,VUE_05_V03;CIR_05_V01;VUE_01_V01;CIR_02_V01;CIR_08_V02;VUE_08_V01;VUE_08_V03;SEC_RI_S4_S5,,obra_gris,,Floors,,,,,Camino industrial,Camino industrial,Nivel 1,,,,obra_gris|Floors||Camino industrial,,,,210175,,,,,,,,f7c5fe57-4bf3-4879-86cf-e7e56b2ec915-000334ff,,
,Subproyecto1,,,,VUE_05_V03;CIR_05_V01;VUE_01_V01;CIR_02_V01;CIR_08_V02;VUE_08_V01;VUE_08_V03;SEC_RI_S4_S5,,obra_gris,,Floors,,,,,Camino industrial,Camino industrial,Nivel 1,,,,obra_gris|Floors||Camino industrial,,,,210182,,,,,,,,f7c5fe57-4bf3-4879-86cf-e7e56b2ec915-00033506,,
,Subproyecto1,,,,VUE_05_V03;CIR_05_V01;VUE_01_V01;CIR_02_V01;CIR_08_V02;VUE_08_V01;VUE_08_V03;SEC_RI_S4_S5,,obra_gris,,Floors,,,,,Camino industrial,Camino industrial,Nivel 1,,,,obra_gris|Floors||Camino industrial,,,,210189,,,,,,,,f7c5fe57-4bf3-4879-86cf-e7e56b2ec915-0003350d,,
,Subproyecto1,,,,VUE_05_V03;CIR_05_V01;VUE_01_V01;CIR_02_V01;CIR_08_V02;VUE_08_V01;VUE_08_V03;SEC_RI_S4_S5,,obra_gris,,Floors,,,,,Camino industrial,Camino industrial,Nivel 1,,,,obra_gris|Floors||Camino industrial,,,,210196,,,,,,,,f7c5fe57-4bf3-4879-86cf-e7e56b2ec915-00033514,,
,Subproyecto1,,,,CIR_06_V01,,obra_gris,,Floors,,,,,Camino industrial,Camino industrial,Nivel 1,,,,obra_gris|Floors||Camino industrial,,,,210264,,,,,,,,15b86877-2244-4d00-bbfe-fcfed0043c9c-00033558,,
,Subproyecto1,,,,CIR_05_V03;CIR_01_V01;VUE_05_V01;VUE_02_V01;VUE_08_V02;CIR_08_V01;CIR_08_V03,,obra_gris,,Floors,,,,,Camino industrial,Camino industrial,Nivel 1,,,,obra_gris|Floors||Camino industrial,,,,211417,,,,,,,,15b86877-2244-4d00-bbfe-fcfed0043c9c-000339d9,,
,Subproyecto1,,,,CIR_01_V01;VUE_02_V01;CIR_08_V01;CIR_08_V03,,obra_gris,,Floors,,,,,Camino industrial,Camino industrial,Nivel 1,,,,obra_gris|Floors||Camino industrial,,,,211498,,,,,,,,15b86877-2244-4d00-bbfe-fcfed0043c9c-00033a2a,,
,Subproyecto1,,,,CIR_01_V01;VUE_02_V01;CIR_08_V01;CIR_08_V03,,obra_gris,,Floors,,,,,Camino industrial,Camino industrial,Nivel 1,,,,obra_gris|Floors||Camino industrial,,,,211505,,,,,,,,15b86877-2244-4d00-bbfe-fcfed0043c9c-00033a31,,
,Subproyecto1,,,,CIR_05_V03;CIR_01_V01;VUE_05_V01;VUE_02_V01;VUE_08_V02;CIR_08_V01;CIR_08_V03,,obra_gris,,Floors,,,,,Camino industrial,Camino industrial,Nivel 1,,,,obra_gris|Floors||Camino industrial,,,,211512,,,,,,,,15b86877-2244-4d00-bbfe-fcfed0043c9c-00033a38,,
,Subproyecto1,,,,CIR_05_V03;CIR_01_V01;VUE_05_V01;VUE_02_V01;VUE_08_V02;CIR_08_V01;CIR_08_V03,,obra_gris,,Floors,,,,,Camino industrial,Camino industrial,Nivel 1,,,,obra_gris|Floors||Camino industrial,,,,211633,,,,,,,,15b86877-2244-4d00-bbfe-fcfed0043c9c-00033ab1,,
,Subproyecto1,,,,CIR_05_V03;CIR_01_V01;VUE_05_V01;VUE_02_V01;VUE_08_V02;CIR_08_V01;CIR_08_V03,,obra_gris,,Floors,,,,,Camino industrial,Camino industrial,Nivel 1,,,,obra_gris|Floors||Camino industrial,,,,211734,,,,,,,,15b86877-2244-4d00-bbfe-fcfed0043c9c-00033b16,,
,Subproyecto1,,,,CIR_05_V03;CIR_01_V01;VUE_05_V01;VUE_02_V01;VUE_08_V02;CIR_08_V01;CIR_08_V03,,obra_gris,,Floors,,,,,Camino industrial,Camino industrial,Nivel 1,,,,obra_gris|Floors||Camino industrial,,,,211741,,,,,,,,15b86877-2244-4d00-bbfe-fcfed0043c9c-00033b1d,,
,Subproyecto1,,,,CIR_05_V03;CIR_01_V01;VUE_05_V01;VUE_02_V01;VUE_08_V02;CIR_08_V01;CIR_08_V03,,obra_gris,,Floors,,,,,Camino industrial,Camino industrial,Nivel 1,,,,obra_gris|Floors||Camino industrial,,,,211748,,,,,,,,15b86877-2244-4d00-bbfe-fcfed0043c9c-00033b24,,
,Subproyecto1,,,,CIR_05_V03;CIR_01_V01;VUE_05_V01;VUE_02_V01;VUE_08_V02;CIR_08_V01;CIR_08_V03,,obra_gris,,Floors,,,,,Camino industrial,Camino industrial,Nivel 1,,,,obra_gris|Floors||Camino industrial,,,,211886,,,,,,,,15b86877-2244-4d00-bbfe-fcfed0043c9c-00033bae,,
,Subproyecto1,,,,VUE_05_V03;VUE_01_V01;CIR_05_V01;CIR_02_V01;CIR_08_V02;VUE_08_V01;VUE_08_V03,,obra_gris,,Floors,,,,,Camino industrial,Camino industrial,Nivel 1,,,,obra_gris|Floors||Camino industrial,,,,212702,,,,,,,,15b86877-2244-4d00-bbfe-fcfed0043c9c-00033ede,,
,Subproyecto1,,,,VUE_05_V03;VUE_01_V01;CIR_05_V01;CIR_02_V01;CIR_08_V02;VUE_08_V01;VUE_08_V03,,obra_gris,,Floors,,,,,Camino industrial,Camino industrial,Nivel 1,,,,obra_gris|Floors||Camino industrial,,,,212748,,,,,,,,15b86877-2244-4d00-bbfe-fcfed0043c9c-00033f0c,,
,Subproyecto1,,,,VUE_05_V03;VUE_01_V01;CIR_05_V01;CIR_02_V01;CIR_08_V02;VUE_08_V01,,obra_gris,,Floors,,,,,Camino industrial,Camino industrial,Nivel 1,,,,obra_gris|Floors||Camino industrial,,,,212755,,,,,,,,15b86877-2244-4d00-bbfe-fcfed0043c9c-00033f13,,
,Subproyecto1,,,,VUE_05_V03;VUE_01_V01;CIR_05_V01;CIR_02_V01;CIR_08_V02;VUE_08_V01;VUE_08_V03,,obra_gris,,Floors,,,,,Camino industrial,Camino industrial,Nivel 1,,,,obra_gris|Floors||Camino industrial,,,,212762,,,,,,,,15b86877-2244-4d00-bbfe-fcfed0043c9c-00033f1a,,
,Subproyecto1,,,,VUE_05_V03;VUE_01_V01;CIR_05_V01;CIR_02_V01;CIR_08_V02;VUE_08_V01;VUE_08_V03,,obra_gris,,Floors,,,,,Camino industrial,Camino industrial,Nivel 1,,,,obra_gris|Floors||Camino industrial,,,,212769,,,,,,,,15b86877-2244-4d00-bbfe-fcfed0043c9c-00033f21,,
,Subproyecto1,,,,CIR_05_V03;CIR_01_V01;VUE_05_V01;VUE_02_V01;VUE_08_V02;CIR_08_V01;CIR_08_V03,,obra_gris,,Floors,,,,,Camino industrial,Camino industrial,Nivel 1,,,,obra_gris|Floors||Camino industrial,,,,212843,,,,,,,,15b86877-2244-4d00-bbfe-fcfed0043c9c-00033f6b,,
,Subproyecto1,,,,VUE_05_V03;VUE_01_V01;CIR_05_V01;CIR_02_V01;CIR_08_V02;VUE_08_V01;VUE_08_V03,,obra_gris,,Floors,,,,,Camino industrial,Camino industrial,Nivel 1,,,,obra_gris|Floors||Camino industrial,,,,213103,,,,,,,,15b86877-2244-4d00-bbfe-fcfed0043c9c-0003406f,,
,Subproyecto1,,,,VUE_05_V03;VUE_01_V01;CIR_05_V01;CIR_02_V01;CIR_08_V02;VUE_08_V03;VUE_08_V01,,obra_gris,,Floors,,,,,Camino industrial,Camino industrial,Nivel 1,,,,obra_gris|Floors||Camino industrial,,,,213231,,,,,,,,15b86877-2244-4d00-bbfe-fcfed0043c9c-000340ef,,
,Subproyecto1,,,,,,obra_gris,,Floors,,,,,Camino industrial,Camino industrial,Nivel 1,,,,obra_gris|Floors||Camino industrial,,,,213238,,,,,,,,15b86877-2244-4d00-bbfe-fcfed0043c9c-000340f6,,
,Subproyecto1,,,,CIR_05_V03;CIR_01_V01;VUE_05_V01;VUE_02_V01;VUE_08_V02;CIR_08_V01;CIR_08_V03,,obra_gris,,Floors,,,,,Camino industrial,Camino industrial,Nivel 1,,,,obra_gris|Floors||Camino industrial,,,,213245,,,,,,,,15b86877-2244-4d00-bbfe-fcfed0043c9c-000340fd,,
,Subproyecto1,,,,CIR_06_V01;CIR_01_V01;CIR_01_V02;CIR_01_V03;CIR_01_V04;CIR_01_V05;CIR_01_V06;VUE_02_V0;CIR_03_V01;VUE_02_V02;VUE_02_V03;VUE_04_V01;VUE_02_V01;CIR_02_V01;CIR_02_V02;CIR_02_V03;VUE_05_V01;VUE_05_V02;VUE_05_V03;VUE_02_V04;CIR_02_V04;CIR_02_V05;VUE_02_V05;VUE_07_V03;CIR_07_V03;VUE_08_V02;VUE_07_V01;CIR_07_V01;VUE_07_V02;CIR_07_V02;VUE_08_V01;VUE_08_V03;MIX_02_V01;MIX_02_V02;MIX_02_V03;MIX_02_V04;MIX_02_V05;MIX_07_V01;MIX_07_V02;MIX_07_V03;SEC_RI_S0_S1,,obra_gris,,Floors,,,,,Camino industrial,Camino industrial,Nivel 1,,,,obra_gris|Floors||Camino industrial,,,,213373,,,,,,,,15b86877-2244-4d00-bbfe-fcfed0043c9c-0003417d,,
,Subproyecto1,,,,CIR_04_V01;CIR_02_V01,,obra_gris,,Floors,,,,,Camino industrial,Camino industrial,Nivel 1,,,,obra_gris|Floors||Camino industrial,,,,213871,,,,,,,,15b86877-2244-4d00-bbfe-fcfed0043c9c-0003436f,,
,Subproyecto1,,,,CIR_04_V01,,obra_gris,,Floors,,,,,Camino industrial,Camino industrial,Nivel 1,,,,obra_gris|Floors||Camino industrial,,,,214046,,,,,,,,15b86877-2244-4d00-bbfe-fcfed0043c9c-0003441e,,
,Subproyecto1,,,,VUE_02_V02;VUE_02_V03;VUE_04_V01;VUE_02_V01;CIR_02_V01;CIR_02_V02;CIR_02_V03;VUE_05_V01;VUE_05_V02;VUE_05_V03;CIR_02_V04;CIR_02_V05;CIR_07_V03;CIR_07_V01;CIR_07_V02;MIX_02_V01;MIX_02_V02;MIX_02_V03,,obra_gris,,Floors,,,,,Camino industrial,Camino industrial,Nivel 1,,,,obra_gris|Floors||Camino industrial,,,,214113,,,,,,,,15b86877-2244-4d00-bbfe-fcfed0043c9c-00034461,,
,Subproyecto1,,,,,,obra_gris,,Floors,,,,,Natural,Natural,Muro de cimentación T.O,,,,obra_gris|Floors||Natural,,,,214128,,,,,,,,15b86877-2244-4d00-bbfe-fcfed0043c9c-00034470,,
,Subproyecto1,,,,CIR_01_V01;CIR_01_V02;CIR_01_V03;CIR_01_V04;CIR_01_V05;CIR_01_V06;VUE_02_V01;VUE_02_V03;VUE_02_V02;VUE_05_V01;VUE_05_V02;VUE_05_V03;VUE_02_V04;VUE_02_V05;VUE_07_V03;VUE_08_V02;VUE_07_V01;VUE_07_V02;VUE_08_V01;CIR_08_V01;VUE_08_V03;CIR_08_V03;MIX_08_V01;MIX_08_V03;SEC_RI_S4_S5,,obra_gris,,Floors,,,,,Camino industrial,Camino industrial,Nivel 1,,,,obra_gris|Floors||Camino industrial,,,,216115,,,,,,,,d0932b28-fa57-40c6-9d48-17c792b2642e-00034c33,,
,Subproyecto1,,,,CIR_01_V01;CIR_01_V02;CIR_01_V03;CIR_01_V04;CIR_01_V05;CIR_01_V06;VUE_02_V01;VUE_02_V03;VUE_02_V02;VUE_05_V01;VUE_05_V02;VUE_05_V03;VUE_02_V04;VUE_02_V05;VUE_07_V03;VUE_08_V02;VUE_07_V01;VUE_07_V02;VUE_08_V01;CIR_08_V01;VUE_08_V03;CIR_08_V03;MIX_08_V01;MIX_08_V03;SEC_RI_S4_S5,,obra_gris,,Floors,,,,,Camino industrial,Camino industrial,Nivel 1,,,,obra_gris|Floors||Camino industrial,,,,216191,,,,,,,,d0932b28-fa57-40c6-9d48-17c792b2642e-00034c7f,,
,Subproyecto1,,,,CIR_01_V01;CIR_01_V02;CIR_01_V03;CIR_01_V04;CIR_01_V05;CIR_01_V06;VUE_02_V01;VUE_02_V03;VUE_02_V02;VUE_05_V01;VUE_05_V02;VUE_05_V03;VUE_02_V04;VUE_02_V05;VUE_07_V03;VUE_08_V02;VUE_07_V01;VUE_07_V02;VUE_08_V01;CIR_08_V01;VUE_08_V03;CIR_08_V03;MIX_08_V01;MIX_08_V03;SEC_RI_S4_S5,,obra_gris,,Floors,,,,,Camino industrial,Camino industrial,Nivel 1,,,,obra_gris|Floors||Camino industrial,,,,216198,,,,,,,,d0932b28-fa57-40c6-9d48-17c792b2642e-00034c86,,
,Subproyecto1,,,,CIR_01_V01;CIR_01_V02;CIR_01_V03;CIR_01_V04;CIR_01_V05;CIR_01_V06;VUE_02_V01;VUE_02_V03;VUE_02_V02;VUE_05_V01;VUE_05_V02;VUE_05_V03;VUE_02_V04;VUE_02_V05;VUE_07_V03;VUE_08_V02;VUE_07_V01;VUE_07_V02;VUE_08_V01;CIR_08_V01;VUE_08_V03;CIR_08_V03;MIX_08_V01;MIX_08_V03;SEC_RI_S4_S5,,obra_gris,,Floors,,,,,Camino industrial,Camino industrial,Nivel 1,,,,obra_gris|Floors||Camino industrial,,,,216205,,,,,,,,d0932b28-fa57-40c6-9d48-17c792b2642e-00034c8d,,
,Subproyecto1,,,,CIR_01_V01;CIR_01_V02;CIR_01_V03;CIR_01_V04;CIR_01_V05;CIR_01_V06;VUE_02_V01;VUE_02_V03;VUE_02_V02;VUE_05_V01;VUE_05_V02;VUE_05_V03;VUE_02_V04;VUE_02_V05;VUE_07_V03;VUE_08_V02;VUE_07_V01;VUE_07_V02;VUE_08_V01;CIR_08_V01;VUE_08_V03;CIR_08_V03;MIX_08_V01;MIX_08_V03;SEC_RI_S4_S5,,obra_gris,,Floors,,,,,Camino industrial,Camino industrial,Nivel 1,,,,obra_gris|Floors||Camino industrial,,,,216212,,,,,,,,d0932b28-fa57-40c6-9d48-17c792b2642e-00034c94,,
,Subproyecto1,,,,CIR_01_V01;CIR_01_V02;CIR_01_V03;CIR_01_V04;CIR_01_V05;CIR_01_V06;VUE_02_V01;VUE_02_V03;VUE_02_V02;VUE_05_V01;VUE_05_V02;VUE_05_V03;VUE_02_V04;VUE_02_V05;VUE_07_V03;VUE_08_V02;VUE_07_V01;VUE_07_V02;VUE_08_V01;CIR_08_V01;VUE_08_V03;CIR_08_V03;MIX_08_V01;MIX_08_V03;SEC_RI_S4_S5,,obra_gris,,Floors,,,,,Camino industrial,Camino industrial,Nivel 1,,,,obra_gris|Floors||Camino industrial,,,,216337,,,,,,,,d0932b28-fa57-40c6-9d48-17c792b2642e-00034d11,,
,Subproyecto1,,,,CIR_01_V01;CIR_01_V02;CIR_01_V03;CIR_01_V04;CIR_01_V05;CIR_01_V06;VUE_02_V01;VUE_02_V03;VUE_02_V02;VUE_05_V01;VUE_05_V02;VUE_05_V03;VUE_02_V04;VUE_02_V05;VUE_07_V03;VUE_08_V02;VUE_07_V01;VUE_07_V02;VUE_08_V01;CIR_08_V01;VUE_08_V03;CIR_08_V03;MIX_08_V01;MIX_08_V03;SEC_RI_S4_S5,,obra_gris,,Floors,,,,,Camino industrial,Camino industrial,Nivel 1,,,,obra_gris|Floors||Camino industrial,,,,216344,,,,,,,,d0932b28-fa57-40c6-9d48-17c792b2642e-00034d18,,
,Subproyecto1,,,,CIR_01_V01;CIR_01_V02;CIR_01_V03;CIR_01_V04;CIR_01_V05;CIR_01_V06;VUE_02_V01;VUE_02_V03;VUE_02_V02;VUE_05_V01;VUE_05_V02;VUE_05_V03;VUE_02_V04;VUE_02_V05;VUE_07_V03;VUE_08_V02;VUE_07_V01;VUE_07_V02;VUE_08_V01;CIR_08_V01;VUE_08_V03;CIR_08_V03;MIX_08_V01;MIX_08_V03;SEC_RI_S4_S5,,obra_gris,,Floors,,,,,Camino industrial,Camino industrial,Nivel 1,,,,obra_gris|Floors||Camino industrial,,,,216351,,,,,,,,d0932b28-fa57-40c6-9d48-17c792b2642e-00034d1f,,
,Subproyecto1,,,,CIR_01_V01;CIR_01_V02;CIR_01_V03;CIR_01_V04;CIR_01_V05;CIR_01_V06;VUE_02_V01;VUE_02_V03;VUE_02_V02;VUE_05_V01;VUE_05_V02;VUE_05_V03;VUE_02_V04;VUE_02_V05;VUE_07_V03;VUE_08_V02;VUE_07_V01;VUE_07_V02;VUE_08_V01;CIR_08_V01;VUE_08_V03;CIR_08_V03;MIX_08_V01;MIX_08_V03;SEC_RI_S4_S5,,obra_gris,,Floors,,,,,Camino industrial,Camino industrial,Nivel 1,,,,obra_gris|Floors||Camino industrial,,,,216358,,,,,,,,d0932b28-fa57-40c6-9d48-17c792b2642e-00034d26,,
,Subproyecto1,,,,CIR_01_V01;CIR_01_V02;CIR_01_V03;CIR_01_V04;CIR_01_V05;CIR_01_V06;VUE_02_V01;VUE_02_V03;VUE_02_V02;VUE_05_V01;VUE_05_V02;VUE_05_V03;VUE_02_V04;VUE_02_V05;VUE_07_V03;VUE_08_V02;VUE_07_V01;VUE_07_V02;VUE_08_V01;CIR_08_V01;VUE_08_V03;CIR_08_V03;MIX_08_V01;MIX_08_V03;S4;SEC_RI_S4_S5,,obra_gris,,Floors,,,,,Camino industrial,Camino industrial,Nivel 1,,,,obra_gris|Floors||Camino industrial,,,,216377,,,,,,,,d0932b28-fa57-40c6-9d48-17c792b2642e-00034d39,,
,Subproyecto1,,,,CIR_01_V01;CIR_01_V02;CIR_01_V03;CIR_01_V04;CIR_01_V05;CIR_01_V06;VUE_02_V01;VUE_02_V03;VUE_02_V02;VUE_05_V01;VUE_05_V02;VUE_05_V03;VUE_02_V04;VUE_02_V05;VUE_07_V03;VUE_08_V02;VUE_07_V01;VUE_07_V02;VUE_08_V01;CIR_08_V01;VUE_08_V03;CIR_08_V03;MIX_08_V01;MIX_08_V03;SEC_RI_S4_S5,,obra_gris,,Floors,,,,,Camino industrial,Camino industrial,Nivel 1,,,,obra_gris|Floors||Camino industrial,,,,216384,,,,,,,,d0932b28-fa57-40c6-9d48-17c792b2642e-00034d40,,
,Subproyecto1,,,,CIR_01_V01;CIR_01_V02;CIR_01_V03;CIR_01_V04;CIR_01_V05;CIR_01_V06;VUE_02_V01;VUE_02_V03;VUE_02_V02;VUE_05_V01;VUE_05_V02;VUE_05_V03;VUE_02_V04;VUE_02_V05;VUE_07_V03;VUE_08_V02;VUE_07_V01;VUE_07_V02;VUE_08_V01;CIR_08_V01;VUE_08_V03;CIR_08_V03;MIX_08_V01;MIX_08_V03;SEC_RI_S4_S5,,obra_gris,,Floors,,,,,Camino industrial,Camino industrial,Nivel 1,,,,obra_gris|Floors||Camino industrial,,,,216391,,,,,,,,d0932b28-fa57-40c6-9d48-17c792b2642e-00034d47,,
,Subproyecto1,,,,CIR_01_V01;CIR_01_V02;CIR_01_V03;CIR_01_V04;CIR_01_V05;CIR_01_V06;VUE_02_V01;VUE_02_V03;VUE_02_V02;VUE_05_V01;VUE_05_V02;VUE_05_V03;VUE_02_V04;VUE_02_V05;VUE_07_V03;VUE_08_V02;VUE_07_V01;VUE_07_V02;VUE_08_V01;CIR_08_V01;VUE_08_V03;CIR_08_V03;MIX_08_V01;MIX_08_V03;SEC_RI_S4_S5,,obra_gris,,Floors,,,,,Camino industrial,Camino industrial,Nivel 1,,,,obra_gris|Floors||Camino industrial,,,,216439,,,,,,,,d0932b28-fa57-40c6-9d48-17c792b2642e-00034d77,,
,Subproyecto1,,,,CIR_01_V01;CIR_01_V02;CIR_01_V03;CIR_01_V04;CIR_01_V05;CIR_01_V06;VUE_02_V01;VUE_02_V03;VUE_02_V02;VUE_05_V01;VUE_05_V02;VUE_05_V03;VUE_02_V04;VUE_02_V05;VUE_07_V03;VUE_08_V02;VUE_07_V01;VUE_07_V02;VUE_08_V01;CIR_08_V01;VUE_08_V03;CIR_08_V03;MIX_08_V01;MIX_08_V03;SEC_RI_S4_S5,,obra_gris,,Floors,,,,,Camino industrial,Camino industrial,Nivel 1,,,,obra_gris|Floors||Camino industrial,,,,216871,,,,,,,,d0932b28-fa57-40c6-9d48-17c792b2642e-00034f27,,
,Subproyecto1,,,,CIR_01_V01;CIR_01_V02;CIR_01_V03;CIR_01_V04;CIR_01_V05;CIR_01_V06;VUE_02_V01;VUE_02_V03;VUE_02_V02;VUE_05_V01;VUE_05_V03;VUE_02_V04;VUE_02_V05;VUE_05_V02;VUE_07_V03;VUE_08_V02;VUE_07_V01;VUE_07_V02;VUE_08_V01;CIR_08_V01;VUE_08_V03;CIR_08_V03;MIX_08_V01;MIX_08_V03;SEC_RI_S4_S5,,obra_gris,,Floors,,,,,Camino industrial,Camino industrial,Nivel 1,,,,obra_gris|Floors||Camino industrial,,,,216885,,,,,,,,d0932b28-fa57-40c6-9d48-17c792b2642e-00034f35,,
,Subproyecto1,,,,CIR_01_V01;CIR_01_V02;CIR_01_V03;CIR_01_V04;CIR_01_V05;CIR_01_V06;VUE_02_V01;VUE_02_V03;VUE_02_V02;VUE_05_V01;CIR_05_V01;VUE_05_V03;VUE_02_V04;VUE_02_V05;VUE_05_V02;VUE_01_V01;CIR_02_V01;VUE_07_V03;VUE_08_V02;CIR_08_V02;VUE_07_V01;VUE_07_V02;VUE_08_V01;CIR_08_V01;VUE_08_V03;CIR_08_V03;MIX_01_V01;MIX_02_V01;MIX_05_V01;MIX_08_V01;MIX_08_V02;MIX_08_V03;SEC_RI_S4_S5,,obra_gris,,Floors,,,,,Camino industrial,Camino industrial,Nivel 1,,,,obra_gris|Floors||Camino industrial,,,,217018,,,,,,,,d0932b28-fa57-40c6-9d48-17c792b2642e-00034fba,,
,Subproyecto1,,,,VUE_05_V03;CIR_05_V01;VUE_01_V01;CIR_02_V01;CIR_08_V02;VUE_08_V01;VUE_08_V03;SEC_RI_S4_S5,,obra_gris,,Floors,,,,,Camino industrial,Camino industrial,Nivel 1,,,,obra_gris|Floors||Camino industrial,,,,217366,,,,,,,,d0932b28-fa57-40c6-9d48-17c792b2642e-00035116,,
,Subproyecto1,,,,VUE_05_V03;CIR_05_V01;VUE_01_V01;CIR_02_V01;CIR_08_V02;VUE_08_V01;VUE_08_V03;SEC_RI_S4_S5,,obra_gris,,Floors,,,,,Camino industrial,Camino industrial,Nivel 1,,,,obra_gris|Floors||Camino industrial,,,,217373,,,,,,,,d0932b28-fa57-40c6-9d48-17c792b2642e-0003511d,,
,Subproyecto1,,,,VUE_05_V03;CIR_05_V01;VUE_01_V01;CIR_02_V01;CIR_08_V02;VUE_08_V01;VUE_08_V03;SEC_RI_S4_S5,,obra_gris,,Floors,,,,,Camino industrial,Camino industrial,Nivel 1,,,,obra_gris|Floors||Camino industrial,,,,217715,,,,,,,,d0932b28-fa57-40c6-9d48-17c792b2642e-00035273,,
,Subproyecto1,,,,VUE_05_V03;CIR_05_V01;VUE_01_V01;CIR_02_V01;CIR_08_V02;VUE_08_V01;VUE_08_V03;SEC_RI_S4_S5,,obra_gris,,Floors,,,,,Camino industrial,Camino industrial,Nivel 1,,,,obra_gris|Floors||Camino industrial,,,,217782,,,,,,,,d0932b28-fa57-40c6-9d48-17c792b2642e-000352b6,,
,Subproyecto1,,,,VUE_05_V03;CIR_05_V01;VUE_01_V01;CIR_02_V01;CIR_08_V02;VUE_08_V01;VUE_08_V03;SEC_RI_S4_S5,,obra_gris,,Floors,,,,,Camino industrial,Camino industrial,Nivel 1,,,,obra_gris|Floors||Camino industrial,,,,217789,,,,,,,,d0932b28-fa57-40c6-9d48-17c792b2642e-000352bd,,
,Subproyecto1,,,,VUE_05_V03;CIR_05_V01;VUE_01_V01;CIR_02_V01;CIR_08_V02;VUE_08_V01;VUE_08_V03;SEC_RI_S4_S5,,obra_gris,,Floors,,,,,Camino industrial,Camino industrial,Nivel 1,,,,obra_gris|Floors||Camino industrial,,,,217796,,,,,,,,d0932b28-fa57-40c6-9d48-17c792b2642e-000352c4,,
,Subproyecto1,,,,CIR_05_V03;VUE_05_V01;CIR_01_V01;VUE_02_V01;VUE_08_V02;CIR_08_V01;CIR_08_V03;SEC_RI_S4_S5,,obra_gris,,Floors,,,,,Camino industrial,Camino industrial,Nivel 1,,,,obra_gris|Floors||Camino industrial,,,,217810,,,,,,,,d0932b28-fa57-40c6-9d48-17c792b2642e-000352d2,,
,Subproyecto1,,,,CIR_05_V03;VUE_05_V01;CIR_01_V01;VUE_02_V01;VUE_08_V02;CIR_08_V01;CIR_08_V03;SEC_RI_S4_S5,,obra_gris,,Floors,,,,,Camino industrial,Camino industrial,Nivel 1,,,,obra_gris|Floors||Camino industrial,,,,217817,,,,,,,,d0932b28-fa57-40c6-9d48-17c792b2642e-000352d9,,
,Subproyecto1,,,,CIR_05_V03;VUE_05_V01;CIR_01_V01;VUE_02_V01;VUE_08_V02;CIR_08_V01;CIR_08_V03;SEC_RI_S4_S5,,obra_gris,,Floors,,,,,Camino industrial,Camino industrial,Nivel 1,,,,obra_gris|Floors||Camino industrial,,,,217824,,,,,,,,d0932b28-fa57-40c6-9d48-17c792b2642e-000352e0,,
,Subproyecto1,,,,CIR_01_V01;CIR_01_V02;CIR_01_V03;CIR_01_V04;CIR_01_V05;CIR_01_V06;VUE_02_V01;VUE_02_V03;VUE_02_V02;VUE_05_V01;VUE_05_V02;VUE_05_V03;VUE_02_V04;VUE_02_V05;VUE_07_V03;VUE_08_V02;VUE_07_V01;VUE_07_V02;VUE_08_V01;CIR_08_V01;VUE_08_V03;CIR_08_V03;MIX_08_V01;MIX_08_V03,,obra_gris,,Floors,,,,,Camino industrial,Camino industrial,Nivel 1,,,,obra_gris|Floors||Camino industrial,,,,218397,,,,,,,,d0932b28-fa57-40c6-9d48-17c792b2642e-0003551d,,
,Subproyecto1,,,,CIR_01_V01;CIR_01_V02;CIR_01_V03;CIR_01_V04;CIR_01_V05;CIR_01_V06;VUE_02_V01;VUE_02_V03;VUE_02_V02;VUE_05_V01;VUE_05_V02;VUE_05_V03;VUE_02_V04;VUE_02_V05;VUE_07_V03;VUE_08_V02;VUE_07_V01;VUE_07_V02;VUE_08_V01;CIR_08_V01;VUE_08_V03;CIR_08_V03;MIX_08_V01;MIX_08_V03;SEC_RI_S4_S5,,obra_gris,,Floors,,,,,Camino industrial,Camino industrial,Nivel 1,,,,obra_gris|Floors||Camino industrial,,,,218404,,,,,,,,d0932b28-fa57-40c6-9d48-17c792b2642e-00035524,,
,Subproyecto1,,,,CIR_01_V02;CIR_01_V03;CIR_01_V04;CIR_01_V05;CIR_01_V06;VUE_01_V01;CIR_02_V0;CIR_02_V01;VUE_02_V02;VUE_02_V03;CIR_05_V01;VUE_05_V02;CIR_05_V03;VUE_02_V04;VUE_02_V05;VUE_07_V03;CIR_08_V02;VUE_07_V01;VUE_07_V02;VUE_08_V01;VUE_08_V03,,obra_gris,,Floors,,,,,Camino industrial,Camino industrial,Nivel 1,,,,obra_gris|Floors||Camino industrial,,,,218620,,,,,,,,d0932b28-fa57-40c6-9d48-17c792b2642e-000355fc,,
,Subproyecto1,,,,,,obra_gris,,Floors,,,,,Camino industrial,Camino industrial,Nivel 1,,,,obra_gris|Floors||Camino industrial,,,,218732,,,,,,,,2e46b574-ac1b-4402-a4c9-868be59531cc-0003566c,,
,Subproyecto1,,,,,,obra_gris,,Floors,,,,,Camino industrial,Camino industrial,Nivel 1,,,,obra_gris|Floors||Camino industrial,,,,220699,,,,,,,,bb3a4321-4329-4428-8c24-a4c186128afa-00035e1b,,
,Subproyecto1,,,,VUE_04_V01;CIR_03_V01,,obra_gris,,Floors,,,,,Camino industrial,Camino industrial,Nivel 1,,,,obra_gris|Floors||Camino industrial,,,,221153,,,,,,,,bb3a4321-4329-4428-8c24-a4c186128afa-00035fe1,,
,Subproyecto1,,,,VUE_04_V01;CIR_03_V01,,obra_gris,,Floors,,,,,Camino industrial,Camino industrial,Nivel 1,,,,obra_gris|Floors||Camino industrial,,,,221160,,,,,,,,bb3a4321-4329-4428-8c24-a4c186128afa-00035fe8,,
,Subproyecto1,,,,CIR_04_V01;VUE_03_V01,,obra_gris,,Floors,,,,,Camino industrial,Camino industrial,Nivel 1,,,,obra_gris|Floors||Camino industrial,,,,221167,,,,,,,,bb3a4321-4329-4428-8c24-a4c186128afa-00035fef,,
,Subproyecto1,,,,CIR_04_V01;VUE_03_V01,,obra_gris,,Floors,,,,,Camino industrial,Camino industrial,Nivel 1,,,,obra_gris|Floors||Camino industrial,,,,221309,,,,,,,,bb3a4321-4329-4428-8c24-a4c186128afa-0003607d,,
,Subproyecto1,,,,CIR_04_V01;VUE_03_V01,,obra_gris,,Floors,,,,,Camino industrial,Camino industrial,Nivel 1,,,,obra_gris|Floors||Camino industrial,,,,221316,,,,,,,,bb3a4321-4329-4428-8c24-a4c186128afa-00036084,,
,Subproyecto1,,,,CIR_04_V01;VUE_03_V01,,obra_gris,,Floors,,,,,Camino industrial,Camino industrial,Nivel 1,,,,obra_gris|Floors||Camino industrial,,,,221323,,,,,,,,bb3a4321-4329-4428-8c24-a4c186128afa-0003608b,,
,Subproyecto1,,,,CIR_04_V01,,obra_gris,,Floors,,,,,Camino industrial,Camino industrial,Nivel 1,,,,obra_gris|Floors||Camino industrial,,,,221434,,,,,,,,bb3a4321-4329-4428-8c24-a4c186128afa-000360fa,,
,Subproyecto1,,,,VUE_04_V01;CIR_03_V01,,obra_gris,,Floors,,,,,Camino industrial,Camino industrial,Nivel 1,,,,obra_gris|Floors||Camino industrial,,,,221511,,,,,,,,bb3a4321-4329-4428-8c24-a4c186128afa-00036147,,
,Subproyecto1,,,,CIR_04_V01;VUE_03_V01,,obra_gris,,Floors,,,,,Camino industrial,Camino industrial,Nivel 1,,,,obra_gris|Floors||Camino industrial,,,,221519,,,,,,,,bb3a4321-4329-4428-8c24-a4c186128afa-0003614f,,
,Subproyecto1,,,,CIR_04_V01,,obra_gris,,Floors,,,,,Camino industrial,Camino industrial,Nivel 1,,,,obra_gris|Floors||Camino industrial,,,,221527,,,,,,,,bb3a4321-4329-4428-8c24-a4c186128afa-00036157,,
,Subproyecto1,,,,CIR_01_V01;CIR_01_V02;CIR_01_V03;CIR_01_V04;CIR_01_V05;CIR_01_V06;VUE_02_V01;VUE_02_V02;VUE_02_V03;VUE_04_V01;CIR_04_V01;CIR_03_V01;VUE_05_V01;VUE_05_V02;VUE_05_V03;VUE_02_V04;VUE_02_V05;VUE_07_V03;VUE_08_V02;VUE_07_V01;VUE_07_V02;VUE_08_V01;CIR_08_V01;VUE_08_V03;CIR_08_V03;MIX_04_V01;MIX_08_V01;MIX_08_V03,,obra_gris,,Floors,,,,,Camino industrial,Camino industrial,Nivel 1,,,,obra_gris|Floors||Camino industrial,,,,221646,,,,,,,,bb3a4321-4329-4428-8c24-a4c186128afa-000361ce,,
,Subproyecto1,,,,CIR_01_V02;CIR_01_V03;CIR_01_V04;CIR_01_V05;CIR_01_V06;VUE_01_V01;CIR_02_V0;CIR_02_V01;VUE_02_V02;VUE_02_V03;CIR_05_V01;VUE_05_V02;CIR_05_V03;VUE_02_V04;VUE_02_V05;VUE_07_V03;CIR_08_V02;VUE_07_V01;VUE_07_V02;VUE_08_V01;VUE_08_V03;S6,,obra_gris,,Floors,,,,,Camino industrial,Camino industrial,Nivel 1,,,,obra_gris|Floors||Camino industrial,,,,221831,,,,,,,,bb3a4321-4329-4428-8c24-a4c186128afa-00036287,,
,Subproyecto1,,,,,,obra_gris,,Floors,,,,,Camino industrial,Camino industrial,Nivel 1,,,,obra_gris|Floors||Camino industrial,,,,223869,,,,,,,,5ce8dc25-81da-49d9-83e5-de9e82452c13-00036a7d,,
,Subproyecto1,,,,PTD_F2_V02,,obra_gris,,Walls,,,,,Genérico - 200 mm,Genérico - 200 mm,,,,,obra_gris|Walls||Genérico - 200 mm,,,,223950,,,,,,,,5ce8dc25-81da-49d9-83e5-de9e82452c13-00036ace,Plástico,
,Subproyecto1,,,,PTD_F2_V02,,obra_gris,,Walls,,,,,Genérico - 200 mm,Genérico - 200 mm,,,,,obra_gris|Walls||Genérico - 200 mm,,,,223951,,,,,,,,5ce8dc25-81da-49d9-83e5-de9e82452c13-00036acf,Plástico,
,Subproyecto1,,,,PTD_F2_V02,,obra_gris,,Walls,,,,,Genérico - 200 mm,Genérico - 200 mm,,,,,obra_gris|Walls||Genérico - 200 mm,,,,223952,,,,,,,,5ce8dc25-81da-49d9-83e5-de9e82452c13-00036ad0,Plástico,
,Subproyecto1,,,,PTD_B4_V04,,obra_gris,,Walls,,,,,Genérico - 200 mm,Genérico - 200 mm,,,,,obra_gris|Walls||Genérico - 200 mm,,,,224143,,,,,,,,5ce8dc25-81da-49d9-83e5-de9e82452c13-00036b8f,Plástico,
,Subproyecto1,,,,PTD_B4_V04,,obra_gris,,Walls,,,,,Genérico - 200 mm,Genérico - 200 mm,,,,,obra_gris|Walls||Genérico - 200 mm,,,,224144,,,,,,,,5ce8dc25-81da-49d9-83e5-de9e82452c13-00036b90,Plástico,
,Subproyecto1,,,,PTD_B4_V04,,obra_gris,,Walls,,,,,Genérico - 200 mm,Genérico - 200 mm,,,,,obra_gris|Walls||Genérico - 200 mm,,,,224145,,,,,,,,5ce8dc25-81da-49d9-83e5-de9e82452c13-00036b91,Plástico,
,Subproyecto1,,,,PTD_B4_V04,,obra_gris,,Walls,,,,,Genérico - 200 mm,Genérico - 200 mm,,,,,obra_gris|Walls||Genérico - 200 mm,,,,224146,,,,,,,,5ce8dc25-81da-49d9-83e5-de9e82452c13-00036b92,Plástico,
,Subproyecto1,,,,,,obra_gris,,Floors,,,,,Camino industrial,Camino industrial,Nivel 1,,,,obra_gris|Floors||Camino industrial,,,,224537,,,,,,,,5ce8dc25-81da-49d9-83e5-de9e82452c13-00036d19,,
,Subproyecto1,,,,,,obra_gris,,Floors,,,,,Camino industrial,Camino industrial,Nivel 1,,,,obra_gris|Floors||Camino industrial,,,,224624,,,,,,,,5ce8dc25-81da-49d9-83e5-de9e82452c13-00036d70,,
,Subproyecto1,,,,,,obra_gris,,Floors,,,,,Camino industrial,Camino industrial,Nivel 1,,,,obra_gris|Floors||Camino industrial,,,,224786,,,,,,,,5ce8dc25-81da-49d9-83e5-de9e82452c13-00036e12,,
,Subproyecto1,,,,VUE_07_V01;CIR_07_V01;CIR_08_V01;MIX_07_V01,,obra_gris,,Floors,,,,,Camino industrial,Camino industrial,Nivel 1,,,,obra_gris|Floors||Camino industrial,,,,227401,,,,,,,,5ce8dc25-81da-49d9-83e5-de9e82452c13-00037849,,
,Subproyecto1,,,,CIR_07_V01;CIR_08_V01,,obra_gris,,Floors,,,,,Camino industrial,Camino industrial,Nivel 1,,,,obra_gris|Floors||Camino industrial,,,,227902,,,,,,,,df62f8eb-3a03-49f5-87dd-f6386512e29a-00037a3e,,
,Subproyecto1,,,,CIR_07_V01;CIR_08_V01,,obra_gris,,Floors,,,,,Camino industrial,Camino industrial,Nivel 1,,,,obra_gris|Floors||Camino industrial,,,,228128,,,,,,,,df62f8eb-3a03-49f5-87dd-f6386512e29a-00037b20,,
,Subproyecto1,,,,CIR_07_V01;CIR_08_V01,,obra_gris,,Floors,,,,,Camino industrial,Camino industrial,Nivel 1,,,,obra_gris|Floors||Camino industrial,,,,228292,,,,,,,,df62f8eb-3a03-49f5-87dd-f6386512e29a-00037bc4,,
,Subproyecto1,,,,,,obra_gris,,Floors,,,,,Camino industrial,Camino industrial,Nivel 1,,,,obra_gris|Floors||Camino industrial,,,,228324,,,,,,,,df62f8eb-3a03-49f5-87dd-f6386512e29a-00037be4,,
,Subproyecto1,,,,VUE_01_V03;CIR_02_V03;CIR_05_V02;VUE_08_V02;CIR_08_V03,,obra_gris,,Floors,,,,,Camino industrial,Camino industrial,Nivel 1,,,,obra_gris|Floors||Camino industrial,,,,228775,,,,,,,,df62f8eb-3a03-49f5-87dd-f6386512e29a-00037da7,,
,Subproyecto1,,,,VUE_01_V03;CIR_02_V03;CIR_05_V02;VUE_08_V02;CIR_08_V03,,obra_gris,,Floors,,,,,Camino industrial,Camino industrial,Nivel 1,,,,obra_gris|Floors||Camino industrial,,,,229144,,,,,,,,df62f8eb-3a03-49f5-87dd-f6386512e29a-00037f18,,
,Subproyecto1,,,,VUE_01_V02;VUE_05_V03;CIR_02_V02,,obra_gris,,Floors,,,,,Camino industrial,Camino industrial,Nivel 1,,,,obra_gris|Floors||Camino industrial,,,,229643,,,,,,,,df62f8eb-3a03-49f5-87dd-f6386512e29a-0003810b,,
,Subproyecto1,,,,VUE_05_V03;CIR_02_V02;CIR_01_V02;VUE_07_V03,,obra_gris,,Floors,,,,,Camino industrial,Camino industrial,Nivel 1,,,,obra_gris|Floors||Camino industrial,,,,230044,,,,,,,,df62f8eb-3a03-49f5-87dd-f6386512e29a-0003829c,,
,Subproyecto1,,,,VUE_05_V03;CIR_02_V02;CIR_01_V02;VUE_07_V03,,obra_gris,,Floors,,,,,Camino industrial,Camino industrial,Nivel 1,,,,obra_gris|Floors||Camino industrial,,,,230058,,,,,,,,df62f8eb-3a03-49f5-87dd-f6386512e29a-000382aa,,
,Subproyecto1,,,,VUE_05_V03;CIR_02_V02;CIR_01_V02;VUE_07_V03,,obra_gris,,Floors,,,,,Camino industrial,Camino industrial,Nivel 1,,,,obra_gris|Floors||Camino industrial,,,,230116,,,,,,,,df62f8eb-3a03-49f5-87dd-f6386512e29a-000382e4,,
,Subproyecto1,,,,VUE_05_V03;CIR_02_V02;CIR_01_V02;VUE_07_V03,,obra_gris,,Floors,,,,,Camino industrial,Camino industrial,Nivel 1,,,,obra_gris|Floors||Camino industrial,,,,230258,,,,,,,,df62f8eb-3a03-49f5-87dd-f6386512e29a-00038372,,
,Subproyecto1,,,,VUE_05_V03;CIR_02_V02;CIR_01_V02;VUE_07_V03,,obra_gris,,Floors,,,,,Camino industrial,Camino industrial,Nivel 1,,,,obra_gris|Floors||Camino industrial,,,,230355,,,,,,,,df62f8eb-3a03-49f5-87dd-f6386512e29a-000383d3,,
,Subproyecto1,,,,VUE_05_V03;CIR_02_V02;CIR_01_V02;VUE_07_V03,,obra_gris,,Floors,,,,,Camino industrial,Camino industrial,Nivel 1,,,,obra_gris|Floors||Camino industrial,,,,230593,,,,,,,,df62f8eb-3a03-49f5-87dd-f6386512e29a-000384c1,,
,Subproyecto1,,,,VUE_05_V03;CIR_02_V02;CIR_01_V02;VUE_07_V03,,obra_gris,,Floors,,,,,Camino industrial,Camino industrial,Nivel 1,,,,obra_gris|Floors||Camino industrial,,,,230949,,,,,,,,8d7f2023-b11e-4860-8fb0-0705a189d002-00038625,,
,Subproyecto1,,,,TR_14_BALANZA_OUT_EGRESO;VUE_05_V03;VUE_08_V02,,obra_gris,,Floors,,,,,Camino industrial,Camino industrial,Nivel 1,,,,obra_gris|Floors||Camino industrial,,,,233008,,,,,,,,007165d0-5481-4cac-bfbc-3380881edccc-00038e30,,
,Subproyecto1,,,,CIR_06_V01;CIR_01_V01;CIR_01_V02;CIR_01_V03;CIR_01_V04;CIR_01_V05;CIR_01_V06;VUE_02_V0;CIR_03_V01;VUE_02_V02;VUE_02_V03;VUE_04_V01;VUE_02_V01;VUE_05_V01;VUE_05_V02;VUE_05_V03;VUE_02_V04;VUE_02_V05;VUE_07_V03;VUE_08_V02;VUE_07_V01;VUE_07_V02;VUE_08_V01;VUE_08_V03;SEC_RI_S0_S1,,obra_gris,,Floors,,,,,Camino industrial,Camino industrial,Nivel 1,,,,obra_gris|Floors||Camino industrial,,,,235725,,,,,,,,007165d0-5481-4cac-bfbc-3380881edccc-000398cd,,
,Subproyecto1,,,,CIR_06_V01;CIR_01_V01;CIR_01_V02;CIR_01_V03;CIR_01_V04;CIR_01_V05;CIR_01_V06;VUE_02_V0;CIR_03_V01;VUE_04_V01;CIR_04_V01;CIR_02_V01;CIR_02_V02;CIR_02_V03;CIR_02_V04;CIR_02_V05;VUE_05_V01;VUE_05_V02;VUE_02_V01;VUE_02_V03;VUE_02_V04;VUE_02_V05;VUE_07_V03;CIR_07_V03;VUE_08_V02;VUE_07_V01;CIR_07_V01;VUE_07_V02;CIR_07_V02;VUE_08_V01;VUE_08_V03;MIX_02_V01;MIX_02_V03;MIX_02_V04;MIX_02_V05;MIX_04_V01;MIX_07_V01;MIX_07_V02;MIX_07_V03;S2;SEC_RI_S2_S3,,obra_gris,,Floors,,,,,Camino industrial,Camino industrial,Nivel 1,,,,obra_gris|Floors||Camino industrial,,,,236974,,,,,,,,007165d0-5481-4cac-bfbc-3380881edccc-00039dae,,
,Subproyecto1,,,,CIR_01_V01;CIR_01_V02;CIR_01_V03;CIR_01_V04;CIR_01_V05;CIR_01_V06;VUE_02_V0;CIR_02_V03;CIR_03_V01;VUE_02_V02;VUE_02_V03;VUE_04_V01;CIR_04_V01;VUE_02_V01;CIR_02_V01;CIR_02_V02;VUE_05_V01;VUE_05_V02;VUE_05_V03;VUE_02_V04;CIR_02_V04;CIR_02_V05;VUE_02_V05;VUE_07_V03;CIR_07_V03;VUE_08_V02;VUE_07_V01;CIR_07_V01;VUE_07_V02;CIR_07_V02;VUE_08_V01;VUE_08_V03;MIX_02_V01;MIX_02_V02;MIX_02_V03;MIX_02_V04;MIX_02_V05;MIX_04_V01;MIX_07_V01;MIX_07_V02;MIX_07_V03,,obra_gris,,Floors,,,,,Camino industrial,Camino industrial,Nivel 1,,,,obra_gris|Floors||Camino industrial,,,,238962,,,,,,,,ede68319-9e31-40a4-a8a0-dc8606edf063-0003a572,,
,Subproyecto1,,,,VUE_01_V01;VUE_01_V02;VUE_01_V03;VUE_01_V04;VUE_01_V05;VUE_01_V06;VUE_03_V01;VUE_05_V02;VUE_05_V03;VUE_05_V01;VUE_08_V02;VUE_08_V01;VUE_08_V03;S9,,obra_gris,,Floors,,,,,Camino industrial,Camino industrial,Nivel 1,,,,obra_gris|Floors||Camino industrial,,,,240371,,,,,,,,ede68319-9e31-40a4-a8a0-dc8606edf063-0003aaf3,,
,Subproyecto1,,,,CIR_02_V01;CIR_01_V02;VUE_01_V01;CIR_01_V03;CIR_01_V04;CIR_01_V05;CIR_01_V06;CIR_03_V02;CIR_04_V02;VUE_02_V02;VUE_02_V03;CIR_05_V01;VUE_05_V02;CIR_05_V03;VUE_02_V04;VUE_02_V05;VUE_07_V03;CIR_08_V02;VUE_07_V01;VUE_07_V02;VUE_08_V01;VUE_08_V03,,obra_gris,,Floors,,,,,Camino industrial,Camino industrial,Nivel 1,,,,obra_gris|Floors||Camino industrial,,,,241788,,,,,,,,ac14572b-7ea3-4e20-8cf9-0f514e2b029b-0003b07c,,
,Subproyecto1,,,,,,obra_gris,,Floors,,,,,Camino industrial,Camino industrial,Nivel 1,,,,obra_gris|Floors||Camino industrial,,,,242247,,,,,,,,ac14572b-7ea3-4e20-8cf9-0f514e2b029b-0003b247,,
,Subproyecto1,,,,VUE_04_V01;CIR_04_V01;CIR_03_V01;VUE_03_V01;MIX_03_V01;MIX_04_V01,,obra_gris,,Floors,,,,,Camino industrial,Camino industrial,Nivel 1,,,,obra_gris|Floors||Camino industrial,,,,247029,,,,,,,,ac14572b-7ea3-4e20-8cf9-0f514e2b029b-0003c4f5,,
,Subproyecto1,,,,VUE_01_V01;VUE_01_V02;VUE_01_V03;VUE_01_V0;CIR_01_V06;CIR_02_V01;CIR_02_V02;CIR_02_V03;CIR_05_V01;VUE_05_V03;CIR_01_V04;CIR_01_V05;CIR_02_V04;CIR_02_V05;CIR_05_V02;CIR_07_V03;VUE_08_V02;CIR_07_V01;CIR_07_V02;VUE_08_V01;CIR_08_V01;VUE_08_V03;CIR_08_V03;MIX_08_V01;MIX_08_V03;S7,,obra_gris,,Floors,,,,,Camino industrial,Camino industrial,Nivel 1,,,,obra_gris|Floors||Camino industrial,,,,250787,,,,,,,,ac14572b-7ea3-4e20-8cf9-0f514e2b029b-0003d3a3,,
,Subproyecto1,,,,CIR_01_V03;VUE_01_V02;VUE_02_V02;CIR_02_V02;VUE_02_V03;CIR_05_V03;VUE_05_V03;VUE_05_V02;VUE_07_V03;CIR_07_V03;CIR_08_V02;VUE_07_V01;CIR_07_V01;VUE_08_V01;CIR_08_V01;VUE_08_V03;MIX_02_V02;MIX_05_V03;MIX_07_V01;MIX_07_V03;MIX_08_V01,,obra_gris,,Floors,,,,,Camino industrial,Camino industrial,Nivel 1,,,,obra_gris|Floors||Camino industrial,,,,252955,,,,,,,,ac14572b-7ea3-4e20-8cf9-0f514e2b029b-0003dc1b,,
,Subproyecto1,,,,VUE_01_V03;CIR_02_V03;CIR_05_V02;VUE_08_V02;CIR_08_V03,,obra_gris,,Floors,,,,,Camino industrial,Camino industrial,Nivel 1,,,,obra_gris|Floors||Camino industrial,,,,254657,,,,,,,,0bc6efcc-f43c-45ff-85a9-793e7cbae53a-0003e2c1,,
,Subproyecto1,,,,CIR_01_V02;CIR_05_V03;VUE_02_V02;VUE_01_V02;CIR_02_V02;VUE_05_V03;VUE_07_V03;CIR_07_V03;VUE_07_V01;CIR_07_V01;VUE_08_V01;CIR_08_V01;MIX_01_V02;MIX_02_V02;MIX_05_V03;MIX_07_V01;MIX_07_V03;MIX_08_V01,,obra_gris,,Floors,,,,,Camino industrial,Camino industrial,Nivel 1,,,,obra_gris|Floors||Camino industrial,,,,255127,,,,,,,,0bc6efcc-f43c-45ff-85a9-793e7cbae53a-0003e497,,
,Subproyecto1,,,,CIR_01_V02;CIR_05_V03;VUE_02_V02;VUE_01_V02;CIR_02_V02;VUE_05_V03;VUE_07_V03;CIR_07_V03;VUE_07_V01;CIR_07_V01;VUE_08_V01;CIR_08_V01;MIX_01_V02;MIX_02_V02;MIX_05_V03;MIX_07_V01;MIX_07_V03;MIX_08_V01,,obra_gris,,Floors,,,,,Camino industrial,Camino industrial,Nivel 1,,,,obra_gris|Floors||Camino industrial,,,,255170,,,,,,,,1c1a3c6f-a405-4e14-86e4-d655e59b1c73-0003e4c2,,
,Subproyecto1,,,,CIR_07_V01;CIR_08_V01,,obra_gris,,Floors,,,,,Camino industrial,Camino industrial,Nivel 1,,,,obra_gris|Floors||Camino industrial,,,,255222,,,,,,,,1c1a3c6f-a405-4e14-86e4-d655e59b1c73-0003e4f6,,
,Subproyecto1,,,,CIR_07_V01;CIR_08_V01,,obra_gris,,Floors,,,,,Camino industrial,Camino industrial,Nivel 1,,,,obra_gris|Floors||Camino industrial,,,,255750,,,,,,,,1c1a3c6f-a405-4e14-86e4-d655e59b1c73-0003e706,,
,Subproyecto1,,,,CIR_07_V01;CIR_08_V01,,obra_gris,,Floors,,,,,Camino industrial,Camino industrial,Nivel 1,,,,obra_gris|Floors||Camino industrial,,,,256014,,,,,,,,1c1a3c6f-a405-4e14-86e4-d655e59b1c73-0003e80e,,
,Subproyecto1,,,,,,obra_gris,,Floors,,,,,Camino industrial,Camino industrial,Nivel 1,,,,obra_gris|Floors||Camino industrial,,,,256625,,,,,,,,1c1a3c6f-a405-4e14-86e4-d655e59b1c73-0003ea71,,
,Subproyecto1,,,,VUE_05_V03;CIR_02_V02;CIR_01_V02;VUE_07_V03;S8,,obra_gris,,Floors,,,,,Camino industrial,Camino industrial,Nivel 1,,,,obra_gris|Floors||Camino industrial,,,,257077,,,,,,,,1c1a3c6f-a405-4e14-86e4-d655e59b1c73-0003ec35,,
,Subproyecto1,,,,,,obra_gris,,Walls,,,,,Genérico - 200 mm,Genérico - 200 mm,,,,,obra_gris|Walls||Genérico - 200 mm,,,,258084,,,,,,,,ea42a422-de09-475a-b074-f1d9ef80341b-0003f024,Plástico,
,Subproyecto1,,,,,,obra_gris,,Walls,,,,,Genérico - 200 mm,Genérico - 200 mm,,,,,obra_gris|Walls||Genérico - 200 mm,,,,258281,,,,,,,,ea42a422-de09-475a-b074-f1d9ef80341b-0003f0e9,Plástico,
,Subproyecto1,,,,,,obra_gris,,Walls,,,,,Genérico - 200 mm,Genérico - 200 mm,,,,,obra_gris|Walls||Genérico - 200 mm,,,,258567,,,,,,,,ea42a422-de09-475a-b074-f1d9ef80341b-0003f207,Plástico,
,Subproyecto1,,,,,,obra_gris,,Walls,,,,,Genérico - 200 mm,Genérico - 200 mm,,,,,obra_gris|Walls||Genérico - 200 mm,,,,260701,,,,,,,,6537a3cc-b31c-4ab7-8606-8f606b5b0101-0003fa5d,Plástico,
,Subproyecto1,,,,,,obra_gris,,Walls,,,,,Genérico - 200 mm,Genérico - 200 mm,,,,,obra_gris|Walls||Genérico - 200 mm,,,,260820,,,,,,,,6537a3cc-b31c-4ab7-8606-8f606b5b0101-0003fad4,Plástico,
,Subproyecto1,,,,,,obra_gris,,Walls,,,,,Genérico - 200 mm,Genérico - 200 mm,,,,,obra_gris|Walls||Genérico - 200 mm,,,,261028,,,,,,,,6537a3cc-b31c-4ab7-8606-8f606b5b0101-0003fba4,Plástico,
,Subproyecto1,,,,,,obra_gris,,Walls,,,,,Genérico - 200 mm,Genérico - 200 mm,,,,,obra_gris|Walls||Genérico - 200 mm,,,,261206,,,,,,,,6537a3cc-b31c-4ab7-8606-8f606b5b0101-0003fc56,Plástico,
,Subproyecto1,,,,,,obra_gris,,Walls,,,,,Genérico - 200 mm,Genérico - 200 mm,,,,,obra_gris|Walls||Genérico - 200 mm,,,,261556,,,,,,,,6537a3cc-b31c-4ab7-8606-8f606b5b0101-0003fdb4,Plástico,
,Subproyecto1,,,,,,obra_gris,,Walls,,,,,Genérico - 200 mm,Genérico - 200 mm,,,,,obra_gris|Walls||Genérico - 200 mm,,,,261686,,,,,,,,6537a3cc-b31c-4ab7-8606-8f606b5b0101-0003fe36,Plástico,
,Subproyecto1,,,,,,obra_gris,,Walls,,,,,Genérico - 200 mm,Genérico - 200 mm,,,,,obra_gris|Walls||Genérico - 200 mm,,,,261834,,,,,,,,6537a3cc-b31c-4ab7-8606-8f606b5b0101-0003feca,Plástico,
,Subproyecto1,,,,,,obra_gris,,Walls,,,,,Genérico - 200 mm,Genérico - 200 mm,,,,,obra_gris|Walls||Genérico - 200 mm,,,,261932,,,,,,,,6537a3cc-b31c-4ab7-8606-8f606b5b0101-0003ff2c,Plástico,
,Subproyecto1,,,,,,obra_gris,,Walls,,,,,Genérico - 200 mm,Genérico - 200 mm,,,,,obra_gris|Walls||Genérico - 200 mm,,,,262175,,,,,,,,6537a3cc-b31c-4ab7-8606-8f606b5b0101-0004001f,Plástico,
,Subproyecto1,,,,CIR_01_V01;CIR_01_V02;CIR_01_V03;CIR_01_V04;CIR_01_V05;CIR_01_V06;CIR_02_V01;CIR_02_V02;CIR_02_V03;CIR_03_V01;CIR_04_V01;CIR_06_V01;CIR_02_V04;CIR_02_V05;CIR_05_V02;CIR_07_V03;CIR_08_V02;CIR_07_V01;CIR_07_V02;CIR_08_V01;CIR_08_V03,,obra_gris,,Walls,,,,,Genérico - 200 mm,Genérico - 200 mm,,,,,obra_gris|Walls||Genérico - 200 mm,,,,262298,,,,,,,,6537a3cc-b31c-4ab7-8606-8f606b5b0101-0004009a,Plástico,
,Subproyecto1,,,,CIR_01_V01;CIR_01_V02;CIR_01_V03;CIR_01_V04;CIR_01_V05;CIR_01_V06;CIR_02_V01;CIR_02_V02;CIR_02_V03;CIR_03_V01;CIR_04_V01;CIR_06_V01;CIR_02_V04;CIR_02_V05;CIR_05_V02;CIR_07_V03;CIR_08_V02;CIR_07_V01;CIR_07_V02;CIR_08_V01;CIR_08_V03,,obra_gris,,Walls,,,,,Genérico - 200 mm,Genérico - 200 mm,,,,,obra_gris|Walls||Genérico - 200 mm,,,,262366,,,,,,,,6537a3cc-b31c-4ab7-8606-8f606b5b0101-000400de,Plástico,
,Subproyecto1,,,,CIR_01_V01;CIR_01_V02;CIR_01_V03;CIR_01_V04;CIR_01_V05;CIR_01_V06;CIR_02_V01;CIR_02_V02;CIR_02_V03;CIR_03_V01;CIR_04_V01;CIR_06_V01;CIR_02_V04;CIR_02_V05;CIR_05_V02;CIR_07_V03;CIR_08_V02;CIR_07_V01;CIR_07_V02;CIR_08_V01;CIR_08_V03,,obra_gris,,Walls,,,,,Genérico - 200 mm,Genérico - 200 mm,,,,,obra_gris|Walls||Genérico - 200 mm,,,,262440,,,,,,,,6537a3cc-b31c-4ab7-8606-8f606b5b0101-00040128,Plástico,
,Subproyecto1,,,,CIR_01_V01;CIR_01_V02;CIR_01_V03;CIR_01_V04;CIR_01_V05;CIR_01_V06;CIR_02_V01;CIR_02_V02;CIR_02_V03;CIR_03_V01;CIR_04_V01;CIR_06_V01;CIR_02_V04;CIR_02_V05;CIR_05_V02;CIR_07_V03;CIR_08_V02;CIR_07_V01;CIR_07_V02;CIR_08_V01;CIR_08_V03,,obra_gris,,Walls,,,,,Genérico - 200 mm,Genérico - 200 mm,,,,,obra_gris|Walls||Genérico - 200 mm,,,,262473,,,,,,,,6537a3cc-b31c-4ab7-8606-8f606b5b0101-00040149,Plástico,
,Subproyecto1,,,,CIR_06_V01,,obra_gris,,Walls,,,,,Genérico - 200 mm,Genérico - 200 mm,,,,,obra_gris|Walls||Genérico - 200 mm,,,,263056,,,,,,,,6537a3cc-b31c-4ab7-8606-8f606b5b0101-00040390,Plástico,
,Subproyecto1,,,,CIR_06_V01,,obra_gris,,Walls,,,,,Genérico - 200 mm,Genérico - 200 mm,,,,,obra_gris|Walls||Genérico - 200 mm,,,,263057,,,,,,,,6537a3cc-b31c-4ab7-8606-8f606b5b0101-00040391,Plástico,
,Subproyecto1,,,,CIR_06_V01,,obra_gris,,Walls,,,,,Genérico - 200 mm,Genérico - 200 mm,,,,,obra_gris|Walls||Genérico - 200 mm,,,,263058,,,,,,,,6537a3cc-b31c-4ab7-8606-8f606b5b0101-00040392,Plástico,
,Subproyecto1,,,,CIR_06_V01,,obra_gris,,Walls,,,,,Genérico - 200 mm,Genérico - 200 mm,,,,,obra_gris|Walls||Genérico - 200 mm,,,,263059,,,,,,,,6537a3cc-b31c-4ab7-8606-8f606b5b0101-00040393,Plástico,
,Subproyecto1,,,,CIR_01_V01;CIR_01_V02;CIR_01_V03;CIR_01_V04;CIR_01_V05;CIR_01_V06;CIR_02_V01;CIR_02_V02;CIR_02_V03;CIR_03_V01;CIR_04_V01,,obra_gris,,Walls,,,,,Genérico - 200 mm,Genérico - 200 mm,,,,,obra_gris|Walls||Genérico - 200 mm,,,,263178,,,,,,,,6537a3cc-b31c-4ab7-8606-8f606b5b0101-0004040a,Plástico,
,Subproyecto1,,,,CIR_01_V01;CIR_01_V02;CIR_01_V03;CIR_01_V04;CIR_01_V05;CIR_01_V06;CIR_02_V01;CIR_02_V02;CIR_02_V03;CIR_03_V01;CIR_04_V01,,obra_gris,,Walls,,,,,Genérico - 200 mm,Genérico - 200 mm,,,,,obra_gris|Walls||Genérico - 200 mm,,,,263179,,,,,,,,6537a3cc-b31c-4ab7-8606-8f606b5b0101-0004040b,Plástico,
,Subproyecto1,,,,CIR_01_V01;CIR_01_V02;CIR_01_V03;CIR_01_V04;CIR_01_V05;CIR_01_V06;CIR_02_V01;CIR_02_V02;CIR_02_V03;CIR_03_V01;CIR_04_V01,,obra_gris,,Walls,,,,,Genérico - 200 mm,Genérico - 200 mm,,,,,obra_gris|Walls||Genérico - 200 mm,,,,263180,,,,,,,,6537a3cc-b31c-4ab7-8606-8f606b5b0101-0004040c,Plástico,
,Subproyecto1,,,,CIR_01_V01;CIR_01_V02;CIR_01_V03;CIR_01_V04;CIR_01_V05;CIR_01_V06;CIR_02_V01;CIR_02_V02;CIR_02_V03;CIR_03_V01;CIR_04_V01,,obra_gris,,Walls,,,,,Genérico - 200 mm,Genérico - 200 mm,,,,,obra_gris|Walls||Genérico - 200 mm,,,,263181,,,,,,,,6537a3cc-b31c-4ab7-8606-8f606b5b0101-0004040d,Plástico,
,Subproyecto1,,,,,,obra_gris,,Walls,,,,,Genérico - 200 mm,Genérico - 200 mm,,,,,obra_gris|Walls||Genérico - 200 mm,,,,263594,,,,,,,,6537a3cc-b31c-4ab7-8606-8f606b5b0101-000405aa,Plástico,
,Subproyecto1,,,,,,obra_gris,,Walls,,,,,Genérico - 200 mm,Genérico - 200 mm,,,,,obra_gris|Walls||Genérico - 200 mm,,,,263595,,,,,,,,6537a3cc-b31c-4ab7-8606-8f606b5b0101-000405ab,Plástico,
,Subproyecto1,,,,,,obra_gris,,Walls,,,,,Genérico - 200 mm,Genérico - 200 mm,,,,,obra_gris|Walls||Genérico - 200 mm,,,,263596,,,,,,,,6537a3cc-b31c-4ab7-8606-8f606b5b0101-000405ac,Plástico,
,Subproyecto1,,,,,,obra_gris,,Walls,,,,,Genérico - 200 mm,Genérico - 200 mm,,,,,obra_gris|Walls||Genérico - 200 mm,,,,263597,,,,,,,,6537a3cc-b31c-4ab7-8606-8f606b5b0101-000405ad,Plástico,
,Subproyecto1,,,,CIR_01_V01;CIR_01_V02;CIR_01_V03;CIR_01_V04;CIR_01_V05;CIR_01_V06;CIR_03_V01;CIR_04_V01;CIR_06_V01,,obra_gris,,Walls,,,,,Genérico - 200 mm,Genérico - 200 mm,,,,,obra_gris|Walls||Genérico - 200 mm,,,,263644,,,,,,,,6537a3cc-b31c-4ab7-8606-8f606b5b0101-000405dc,Plástico,
,Subproyecto1,,,,CIR_01_V01;CIR_01_V02;CIR_01_V03;CIR_01_V04;CIR_01_V05;CIR_01_V06;CIR_03_V01;CIR_04_V01;CIR_06_V01,,obra_gris,,Walls,,,,,Genérico - 200 mm,Genérico - 200 mm,,,,,obra_gris|Walls||Genérico - 200 mm,,,,263645,,,,,,,,6537a3cc-b31c-4ab7-8606-8f606b5b0101-000405dd,Plástico,
,Subproyecto1,,,,CIR_01_V01;CIR_01_V02;CIR_01_V03;CIR_01_V04;CIR_01_V05;CIR_01_V06;CIR_03_V01;CIR_04_V01;CIR_06_V01,,obra_gris,,Walls,,,,,Genérico - 200 mm,Genérico - 200 mm,,,,,obra_gris|Walls||Genérico - 200 mm,,,,263646,,,,,,,,6537a3cc-b31c-4ab7-8606-8f606b5b0101-000405de,Plástico,
,Subproyecto1,,,,CIR_01_V01;CIR_01_V02;CIR_01_V03;CIR_01_V04;CIR_01_V05;CIR_01_V06;CIR_03_V01;CIR_04_V01;CIR_06_V01,,obra_gris,,Walls,,,,,Genérico - 200 mm,Genérico - 200 mm,,,,,obra_gris|Walls||Genérico - 200 mm,,,,263647,,,,,,,,6537a3cc-b31c-4ab7-8606-8f606b5b0101-000405df,Plástico,
,Subproyecto1,,,,,,obra_gris,,Walls,,,,,Genérico - 200 mm,Genérico - 200 mm,,,,,obra_gris|Walls||Genérico - 200 mm,,,,265084,,,,,,,,6537a3cc-b31c-4ab7-8606-8f606b5b0101-00040b7c,Plástico,
,Subproyecto1,,,,CIR_01_V01;CIR_01_V02;CIR_01_V03;CIR_01_V04;CIR_01_V05;CIR_01_V06;CIR_02_V01;CIR_02_V02;CIR_02_V03;CIR_03_V01;CIR_04_V01;CIR_05_V01;CIR_05_V02;CIR_05_V03;CIR_02_V04;CIR_02_V05;CIR_07_V03;CIR_08_V02;CIR_07_V01;CIR_07_V02;CIR_08_V01;CIR_08_V03,,obra_gris,,Walls,,,,,Genérico - 200 mm,Genérico - 200 mm,,,,,obra_gris|Walls||Genérico - 200 mm,,,,265210,,,,,,,,6537a3cc-b31c-4ab7-8606-8f606b5b0101-00040bfa,Plástico,
,Subproyecto1,,,,CIR_01_V01;CIR_01_V02;CIR_01_V03;CIR_01_V04;CIR_01_V05;CIR_01_V06;CIR_02_V01;CIR_02_V02;CIR_02_V03;CIR_03_V01;CIR_04_V01;CIR_05_V01;CIR_05_V02;CIR_05_V03;CIR_02_V04;CIR_02_V05;CIR_07_V03;CIR_08_V02;CIR_07_V01;CIR_07_V02;CIR_08_V01;CIR_08_V03,,obra_gris,,Walls,,,,,Genérico - 200 mm,Genérico - 200 mm,,,,,obra_gris|Walls||Genérico - 200 mm,,,,265332,,,,,,,,6537a3cc-b31c-4ab7-8606-8f606b5b0101-00040c74,Plástico,
,Subproyecto1,,,,CIR_01_V01;CIR_01_V02;CIR_01_V03;CIR_01_V04;CIR_01_V05;CIR_01_V06;CIR_02_V01;CIR_02_V02;CIR_02_V03;CIR_03_V01;CIR_04_V01;CIR_05_V01;CIR_05_V02;CIR_05_V03;CIR_02_V04;CIR_02_V05;CIR_07_V03;CIR_08_V02;CIR_07_V01;CIR_07_V02;CIR_08_V01;CIR_08_V03,,obra_gris,,Walls,,,,,Genérico - 200 mm,Genérico - 200 mm,,,,,obra_gris|Walls||Genérico - 200 mm,,,,265458,,,,,,,,6537a3cc-b31c-4ab7-8606-8f606b5b0101-00040cf2,Plástico,
,Subproyecto1,,,,,,obra_gris,,Floors,,,,,Camino industrial,Camino industrial,Nivel 1,,,,obra_gris|Floors||Camino industrial,,,,265640,,,,,,,,6537a3cc-b31c-4ab7-8606-8f606b5b0101-00040da8,,
,Subproyecto1,,,,,,obra_gris,,Floors,,,,,Camino industrial,Camino industrial,Nivel 1,,,,obra_gris|Floors||Camino industrial,,,,266329,,,,,,,,6537a3cc-b31c-4ab7-8606-8f606b5b0101-00041059,,
,Subproyecto1,,,,CIR_04_V01;CIR_03_V01,,obra_gris,,Walls,,,,,Genérico - 200 mm,Genérico - 200 mm,,,,,obra_gris|Walls||Genérico - 200 mm,,,,267985,,,,,,,,6537a3cc-b31c-4ab7-8606-8f606b5b0101-000416d1,Plástico,
,Subproyecto1,,,,CIR_04_V01;CIR_03_V01,,obra_gris,,Walls,,,,,Genérico - 200 mm,Genérico - 200 mm,,,,,obra_gris|Walls||Genérico - 200 mm,,,,268148,,,,,,,,6537a3cc-b31c-4ab7-8606-8f606b5b0101-00041774,Plástico,
,Subproyecto1,,,,PTD_A6;PTD_B5_V05,,obra_gris,,Walls,,,,,Genérico - 200 mm,Genérico - 200 mm,,,,,obra_gris|Walls||Genérico - 200 mm,,,,268736,,,,,,,,6537a3cc-b31c-4ab7-8606-8f606b5b0101-000419c0,Plástico,
,Subproyecto1,,,,PTD_A6;PTD_B5_V05,,obra_gris,,Walls,,,,,Genérico - 200 mm,Genérico - 200 mm,,,,,obra_gris|Walls||Genérico - 200 mm,,,,268737,,,,,,,,6537a3cc-b31c-4ab7-8606-8f606b5b0101-000419c1,Plástico,
,Subproyecto1,,,,PTD_A6;PTD_B5_V05,,obra_gris,,Walls,,,,,Genérico - 200 mm,Genérico - 200 mm,,,,,obra_gris|Walls||Genérico - 200 mm,,,,268738,,,,,,,,6537a3cc-b31c-4ab7-8606-8f606b5b0101-000419c2,Plástico,
,Subproyecto1,,,,,,obra_gris,,Walls,,,,,Genérico - 200 mm,Genérico - 200 mm,,,,,obra_gris|Walls||Genérico - 200 mm,,,,268739,,,,,,,,6537a3cc-b31c-4ab7-8606-8f606b5b0101-000419c3,Plástico,
,Subproyecto1,,,,,,obra_gris,,Floors,,,,,Camino industrial,Camino industrial,Nivel 1,,,,obra_gris|Floors||Camino industrial,,,,276406,,,,,,,,a841e73c-89f1-41b5-beeb-8ad2f90b2be4-000437b6,,
,Subproyecto1,,,,CIR_02_V01;CIR_01_V02;VUE_01_V01;CIR_01_V03;CIR_01_V04;CIR_01_V05;CIR_01_V0;CIR_03_V02;CIR_04_V02;VUE_02_V02;VUE_02_V03;VUE_05_V01;CIR_05_V01;VUE_05_V02;CIR_05_V03;VUE_02_V04;VUE_02_V05;CIR_01_V01;VUE_02_V01;VUE_07_V03;VUE_08_V02;CIR_08_V02;VUE_07_V01;VUE_07_V02;VUE_08_V01;CIR_08_V01;VUE_08_V03;CIR_08_V03;MIX_01_V01;MIX_02_V01;MIX_05_V01;MIX_08_V01;MIX_08_V02;MIX_08_V03;SEC_RI_S4_S5,,obra_gris,,Floors,,,,,Camino industrial,Camino industrial,Nivel 1,,,,obra_gris|Floors||Camino industrial,,,,291726,,,,,,,,8c84d624-4cc9-4990-a213-90120455164a-0004738e,,
,Subproyecto1,,,,CIR_01_V02;CIR_01_V03;CIR_01_V04;CIR_01_V05;CIR_01_V06;CIR_02_V02;CIR_02_V03;CIR_05_V01;CIR_05_V02;CIR_05_V03,,obra_gris,,Walls,,,,,Genérico - 200 mm,Genérico - 200 mm,,,,,obra_gris|Walls||Genérico - 200 mm,,,,294845,,,,,,,,8c84d624-4cc9-4990-a213-90120455164a-00047fbd,Plástico,
,Subproyecto1,,,,CIR_01_V02;CIR_01_V03;CIR_01_V04;CIR_01_V05;CIR_01_V06;CIR_02_V02;CIR_02_V03;CIR_05_V01;CIR_05_V02;CIR_05_V03,,obra_gris,,Walls,,,,,Genérico - 200 mm,Genérico - 200 mm,,,,,obra_gris|Walls||Genérico - 200 mm,,,,294846,,,,,,,,8c84d624-4cc9-4990-a213-90120455164a-00047fbe,Plástico,
,Subproyecto1,,,,CIR_01_V02;CIR_01_V03;CIR_01_V04;CIR_01_V05;CIR_01_V06;CIR_02_V02;CIR_02_V03;CIR_05_V01;CIR_05_V02;CIR_05_V03,,obra_gris,,Walls,,,,,Genérico - 200 mm,Genérico - 200 mm,,,,,obra_gris|Walls||Genérico - 200 mm,,,,294847,,,,,,,,8c84d624-4cc9-4990-a213-90120455164a-00047fbf,Plástico,
,Subproyecto1,,,,CIR_01_V02;CIR_01_V03;CIR_01_V04;CIR_01_V05;CIR_01_V06;CIR_02_V02;CIR_02_V03;CIR_05_V01;CIR_05_V02;CIR_05_V03,,obra_gris,,Walls,,,,,Genérico - 200 mm,Genérico - 200 mm,,,,,obra_gris|Walls||Genérico - 200 mm,,,,294848,,,,,,,,8c84d624-4cc9-4990-a213-90120455164a-00047fc0,Plástico,
,Subproyecto1,,,,CIR_05_V03;VUE_02_V02;VUE_01_V02;CIR_07_V03,,obra_gris,,Floors,,,,,Camino industrial,Camino industrial,Nivel 1,,,,obra_gris|Floors||Camino industrial,,,,307359,,,,,,,,4b079c01-b0b0-496a-939b-53c498033735-0004b09f,,
,Subproyecto1,,,,CIR_06_V01;CIR_01_V01;CIR_01_V02;CIR_01_V03;CIR_01_V04;CIR_01_V05;CIR_01_V06;VUE_02_V0;CIR_03_V01;VUE_04_V01;CIR_02_V01;CIR_02_V02;CIR_02_V03;CIR_02_V04;CIR_02_V05;VUE_05_V01;VUE_05_V02;VUE_02_V01;VUE_02_V03;VUE_02_V04;VUE_02_V05;VUE_07_V03;CIR_07_V03;VUE_08_V02;VUE_07_V01;CIR_07_V01;VUE_07_V02;CIR_07_V02;VUE_08_V01;VUE_08_V03;MIX_02_V01;MIX_02_V03;MIX_02_V04;MIX_02_V05;MIX_07_V01;MIX_07_V02;MIX_07_V03,,obra_gris,,Floors,,,,,Camino industrial,Camino industrial,Nivel 1,,,,obra_gris|Floors||Camino industrial,,,,330956,,,,,,,,d7a033f3-e8ec-45c3-84ae-2bd9295cea60-00050ccc,,
,Subproyecto1,,,,,,obra_gris,,Walls,,,,,Genérico - 200 mm,Genérico - 200 mm,,,,,obra_gris|Walls||Genérico - 200 mm,,,,330961,,,,,,,,d7a033f3-e8ec-45c3-84ae-2bd9295cea60-00050cd1,Plástico,
,Subproyecto1,,,,,,obra_gris,,Walls,,,,,Genérico - 200 mm,Genérico - 200 mm,,,,,obra_gris|Walls||Genérico - 200 mm,,,,330962,,,,,,,,d7a033f3-e8ec-45c3-84ae-2bd9295cea60-00050cd2,Plástico,
,Subproyecto1,,,,,,obra_gris,,Walls,,,,,Genérico - 200 mm,Genérico - 200 mm,,,,,obra_gris|Walls||Genérico - 200 mm,,,,330963,,,,,,,,d7a033f3-e8ec-45c3-84ae-2bd9295cea60-00050cd3,Plástico,
,Subproyecto1,,,,,,obra_gris,,Walls,,,,,Genérico - 200 mm,Genérico - 200 mm,,,,,obra_gris|Walls||Genérico - 200 mm,,,,330964,,,,,,,,d7a033f3-e8ec-45c3-84ae-2bd9295cea60-00050cd4,Plástico,
,Subproyecto1,,,,CIR_05_V03;VUE_05_V01;CIR_01_V01;VUE_02_V01;VUE_08_V02;CIR_08_V01;CIR_08_V03;SEC_RI_S4_S5,,obra_gris,,Floors,,,,,Camino industrial,Camino industrial,Nivel 1,,,,obra_gris|Floors||Camino industrial,,,,333693,,,,,,,,67833119-59c9-43a7-b5e2-fedfdf29e3c3-0005177d,,
,Subproyecto1,,,,CIR_05_V03;VUE_05_V01;CIR_01_V01;VUE_02_V01;VUE_08_V02;CIR_08_V01;CIR_08_V03;SEC_RI_S4_S5,,obra_gris,,Floors,,,,,Camino industrial,Camino industrial,Nivel 1,,,,obra_gris|Floors||Camino industrial,,,,333700,,,,,,,,67833119-59c9-43a7-b5e2-fedfdf29e3c3-00051784,,
,Subproyecto1,,,,CIR_05_V03;VUE_05_V01;CIR_01_V01;VUE_02_V01;VUE_08_V02;CIR_08_V01;CIR_08_V03;SEC_RI_S4_S5,,obra_gris,,Floors,,,,,Camino industrial,Camino industrial,Nivel 1,,,,obra_gris|Floors||Camino industrial,,,,333707,,,,,,,,67833119-59c9-43a7-b5e2-fedfdf29e3c3-0005178b,,
,Subproyecto1,,,,CIR_05_V03;VUE_05_V01;CIR_01_V01;VUE_02_V01;VUE_08_V02;CIR_08_V01;CIR_08_V03;SEC_RI_S4_S5,,obra_gris,,Floors,,,,,Camino industrial,Camino industrial,Nivel 1,,,,obra_gris|Floors||Camino industrial,,,,333714,,,,,,,,67833119-59c9-43a7-b5e2-fedfdf29e3c3-00051792,,
,Subproyecto1,,,,CIR_05_V03;VUE_05_V01;CIR_01_V01;VUE_02_V01;VUE_08_V02;CIR_08_V01;CIR_08_V03;SEC_RI_S4_S5,,obra_gris,,Floors,,,,,Camino industrial,Camino industrial,Nivel 1,,,,obra_gris|Floors||Camino industrial,,,,333721,,,,,,,,67833119-59c9-43a7-b5e2-fedfdf29e3c3-00051799,,
,Subproyecto1,,,,CIR_05_V03;VUE_05_V01;CIR_01_V01;VUE_02_V01;VUE_08_V02;CIR_08_V01;CIR_08_V03;SEC_RI_S4_S5,,obra_gris,,Floors,,,,,Camino industrial,Camino industrial,Nivel 1,,,,obra_gris|Floors||Camino industrial,,,,333728,,,,,,,,67833119-59c9-43a7-b5e2-fedfdf29e3c3-000517a0,,
,Subproyecto1,,,,CIR_05_V03;VUE_05_V01;CIR_01_V01;VUE_02_V01;VUE_08_V02;CIR_08_V01;CIR_08_V03;SEC_RI_S4_S5,,obra_gris,,Floors,,,,,Camino industrial,Camino industrial,Nivel 1,,,,obra_gris|Floors||Camino industrial,,,,333735,,,,,,,,67833119-59c9-43a7-b5e2-fedfdf29e3c3-000517a7,,
,Subproyecto1,,,,CIR_05_V03;VUE_05_V01;CIR_01_V01;VUE_02_V01;VUE_08_V02;CIR_08_V01;CIR_08_V03;SEC_RI_S4_S5,,obra_gris,,Floors,,,,,Camino industrial,Camino industrial,Nivel 1,,,,obra_gris|Floors||Camino industrial,,,,333742,,,,,,,,67833119-59c9-43a7-b5e2-fedfdf29e3c3-000517ae,,
,Subproyecto1,,,,CIR_05_V03;VUE_05_V01;CIR_01_V01;VUE_02_V01;VUE_08_V02;CIR_08_V01;CIR_08_V03;SEC_RI_S4_S5,,obra_gris,,Floors,,,,,Camino industrial,Camino industrial,Nivel 1,,,,obra_gris|Floors||Camino industrial,,,,333749,,,,,,,,67833119-59c9-43a7-b5e2-fedfdf29e3c3-000517b5,,
,Subproyecto1,,,,CIR_05_V03;VUE_05_V01;CIR_01_V01;VUE_02_V01;VUE_08_V02;CIR_08_V01;CIR_08_V03;SEC_RI_S4_S5,,obra_gris,,Floors,,,,,Camino industrial,Camino industrial,Nivel 1,,,,obra_gris|Floors||Camino industrial,,,,333756,,,,,,,,67833119-59c9-43a7-b5e2-fedfdf29e3c3-000517bc,,
,Subproyecto1,,,,CIR_05_V03;VUE_05_V01;CIR_01_V01;VUE_02_V01;VUE_08_V02;CIR_08_V01;CIR_08_V03;SEC_RI_S4_S5,,obra_gris,,Floors,,,,,Camino industrial,Camino industrial,Nivel 1,,,,obra_gris|Floors||Camino industrial,,,,333763,,,,,,,,67833119-59c9-43a7-b5e2-fedfdf29e3c3-000517c3,,
,Subproyecto1,,,,CIR_05_V03;VUE_05_V01;CIR_01_V01;VUE_02_V01;VUE_08_V02;CIR_08_V01;CIR_08_V03;SEC_RI_S4_S5,,obra_gris,,Floors,,,,,Camino industrial,Camino industrial,Nivel 1,,,,obra_gris|Floors||Camino industrial,,,,333770,,,,,,,,67833119-59c9-43a7-b5e2-fedfdf29e3c3-000517ca,,
,Subproyecto1,,,,CIR_05_V03;VUE_05_V01;CIR_01_V01;VUE_02_V01;VUE_08_V02;CIR_08_V01;CIR_08_V03;SEC_RI_S4_S5,,obra_gris,,Floors,,,,,Camino industrial,Camino industrial,Nivel 1,,,,obra_gris|Floors||Camino industrial,,,,333777,,,,,,,,67833119-59c9-43a7-b5e2-fedfdf29e3c3-000517d1,,
,Subproyecto1,,,,CIR_05_V03;VUE_05_V01;CIR_01_V01;VUE_02_V01;VUE_08_V02;CIR_08_V01;CIR_08_V03;SEC_RI_S4_S5,,obra_gris,,Floors,,,,,Camino industrial,Camino industrial,Nivel 1,,,,obra_gris|Floors||Camino industrial,,,,333784,,,,,,,,67833119-59c9-43a7-b5e2-fedfdf29e3c3-000517d8,,
,Subproyecto1,,,,CIR_05_V03;VUE_05_V01;CIR_01_V01;VUE_02_V01;VUE_08_V02;CIR_08_V01;CIR_08_V03;SEC_RI_S4_S5,,obra_gris,,Floors,,,,,Camino industrial,Camino industrial,Nivel 1,,,,obra_gris|Floors||Camino industrial,,,,333791,,,,,,,,67833119-59c9-43a7-b5e2-fedfdf29e3c3-000517df,,
,Subproyecto1,,,,VUE_01_V01;VUE_01_V02;VUE_01_V03;VUE_01_V0;CIR_01_V06;CIR_01_V05;CIR_02_V01;CIR_02_V02;CIR_02_V03;CIR_05_V01;VUE_05_V03;CIR_01_V04;VUE_02_V04;VUE_02_V05;CIR_05_V02;CIR_07_V03;VUE_08_V02;CIR_07_V01;CIR_07_V02;VUE_08_V01;CIR_08_V01;VUE_08_V03;CIR_08_V03;MIX_08_V01;MIX_08_V03,,obra_gris,,Floors,,,,,Camino industrial,Camino industrial,Nivel 1,,,,obra_gris|Floors||Camino industrial,,,,334403,,,,,,,,9b703d01-a594-43ae-a318-8baa379637ae-00051a43,,
,Subproyecto1,,,,VUE_01_V01;VUE_01_V02;VUE_01_V03;CIR_01_V04;CIR_01_V05;CIR_01_V06;CIR_02_V01;CIR_02_V02;CIR_02_V03;CIR_05_V01;VUE_05_V03;VUE_02_V04;VUE_02_V05;CIR_05_V02;CIR_07_V03;VUE_08_V02;CIR_07_V01;VUE_07_V02;VUE_08_V01;CIR_08_V01;VUE_08_V03;CIR_08_V03;MIX_08_V01;MIX_08_V03,,obra_gris,,Floors,,,,,Camino industrial,Camino industrial,Nivel 1,,,,obra_gris|Floors||Camino industrial,,,,334471,,,,,,,,9b703d01-a594-43ae-a318-8baa379637ae-00051a87,,
,Subproyecto1,,,,CIR_05_V03;VUE_05_V01;CIR_01_V01;VUE_02_V01;VUE_08_V02;CIR_08_V01;CIR_08_V03;SEC_RI_S4_S5,,obra_gris,,Floors,,,,,Camino industrial,Camino industrial,Nivel 1,,,,obra_gris|Floors||Camino industrial,,,,334610,,,,,,,,9b703d01-a594-43ae-a318-8baa379637ae-00051b12,,
,Subproyecto1,,,,VUE_01_V01;VUE_01_V02;VUE_01_V03;VUE_01_V04;VUE_01_V0;VUE_03_V01;VUE_01_V06;CIR_02_V01;CIR_02_V02;CIR_02_V03;VUE_05_V02;VUE_05_V03;VUE_01_V05;CIR_02_V04;CIR_02_V05;VUE_05_V01;CIR_07_V03;VUE_08_V02;CIR_07_V01;CIR_07_V02;VUE_08_V01;CIR_08_V01;VUE_08_V03;CIR_08_V03;MIX_08_V01;MIX_08_V03,,obra_gris,,Floors,,,,,Camino industrial,Camino industrial,Nivel 1,,,,obra_gris|Floors||Camino industrial,,,,336142,,,,,,,,9b703d01-a594-43ae-a318-8baa379637ae-0005210e,,
,Subproyecto1,,,,VUE_07_V01;CIR_07_V01;VUE_08_V01;CIR_08_V01;MIX_07_V01;MIX_08_V01,,obra_gris,,Floors,,,,,Camino industrial,Camino industrial,Nivel 1,,,,obra_gris|Floors||Camino industrial,,,,336475,,,,,,,,9cd61551-306e-4afc-8bd3-54b17a497397-0005225b,,
,Subproyecto1,,,,,,obra_gris,,Walls,,,,,Genérico - 200 mm,Genérico - 200 mm,,,,,obra_gris|Walls||Genérico - 200 mm,,,,336802,,,,,,,,5180f8f4-1ea6-41b4-a990-75d7e03302c9-000523a2,Plástico,
,Subproyecto1,,,,,,obra_gris,,Walls,,,,,Genérico - 200 mm,Genérico - 200 mm,,,,,obra_gris|Walls||Genérico - 200 mm,,,,337109,,,,,,,,5180f8f4-1ea6-41b4-a990-75d7e03302c9-000524d5,Plástico,
,Subproyecto1,,,,S0,,otros,,Generic Models,,,,,Familia1,Familia1,Muro de cimentación T.O,,,,otros|Generic Models|Familia1|Familia1,,,,343066,Familia1,,,,,,,5180f8f4-1ea6-41b4-a990-75d7e03302c9-00053c1a,,
,Subproyecto1,,,,S1,,otros,,Generic Models,,,,,Familia1,Familia1,Muro de cimentación T.O,,,,otros|Generic Models|Familia1|Familia1,,,,343145,Familia1,,,,,,,5180f8f4-1ea6-41b4-a990-75d7e03302c9-00053c69,,
,Subproyecto1,,,,CAM_N04;CIR_01_V01;CIR_01_V02;CIR_01_V03;CIR_01_V04;CIR_01_V05;CIR_01_V06;CIR_03_V01;CIR_04_V01;CIR_06_V01,,otros,,Generic Models,,,,,Familia1,Familia1,Muro de cimentación T.O,,,,otros|Generic Models|Familia1|Familia1,,,,343677,Familia1,,,,,,,5180f8f4-1ea6-41b4-a990-75d7e03302c9-00053e7d,,
,Subproyecto1,,,,S3,,otros,,Generic Models,,,,,Familia1,Familia1,Muro de cimentación T.O,,,,otros|Generic Models|Familia1|Familia1,,,,343933,Familia1,,,,,,,5180f8f4-1ea6-41b4-a990-75d7e03302c9-00053f7d,,
,Subproyecto1,,,,S4,,otros,,Generic Models,,,,,Familia1,Familia1,Muro de cimentación T.O,,,,otros|Generic Models|Familia1|Familia1,,,,344217,Familia1,,,,,,,5180f8f4-1ea6-41b4-a990-75d7e03302c9-00054099,,
,Subproyecto1,,,,,,otros,,Generic Models,,,,,Familia1,Familia1,Muro de cimentación T.O,,,,otros|Generic Models|Familia1|Familia1,,,,344452,Familia1,,,,,,,f71de4c5-74ae-41ae-be56-889b6e888de0-00054184,,
,Subproyecto1,,,,S5,,otros,,Generic Models,,,,,Familia1,Familia1,Muro de cimentación T.O,,,,otros|Generic Models|Familia1|Familia1,,,,344733,Familia1,,,,,,,f71de4c5-74ae-41ae-be56-889b6e888de0-0005429d,,
,Subproyecto1,,,,,,otros,,Generic Models,,,,,Familia1,Familia1,Muro de cimentación T.O,,,,otros|Generic Models|Familia1|Familia1,,,,345035,Familia1,,,,,,,9742f5a0-3c32-4d54-8dc2-6a96518059df-000543cb,,
,Subproyecto1,,,,S10,,otros,,Generic Models,,,,,Familia1,Familia1,Muro de cimentación T.O,,,,otros|Generic Models|Familia1|Familia1,,,,345038,Familia1,,,,,,,9742f5a0-3c32-4d54-8dc2-6a96518059df-000543ce,,
,Subproyecto1,,,,CIR_01_V01;CIR_01_V02;CIR_01_V03;CIR_01_V04;CIR_01_V05;CIR_01_V06;CIR_06_V01;VUE_02_V01;VUE_02_V02;VUE_02_V03;VUE_04_V01;CIR_03_V01;CIR_02_V01;CIR_02_V02;CIR_02_V03;VUE_05_V01;VUE_05_V02;VUE_05_V03;VUE_02_V04;CIR_02_V04;CIR_02_V05;VUE_02_V05;VUE_07_V03;CIR_07_V03;VUE_08_V02;VUE_07_V01;CIR_07_V01;VUE_07_V02;CIR_07_V02;VUE_08_V01;VUE_08_V03;MIX_02_V01;MIX_02_V02;MIX_02_V03;MIX_02_V04;MIX_02_V05;MIX_07_V01;MIX_07_V02;MIX_07_V03;SEC_RI_S0_S1,,obra_gris,,Floors,,,,,Camino industrial,Camino industrial,Nivel 1,,,,obra_gris|Floors||Camino industrial,,,,346453,,,,,,,,fabb94cf-7f65-44ab-8d7f-91e893092829-00054955,,
,Subproyecto1,,,,CIR_01_V01;CIR_01_V02;CIR_01_V03;CIR_01_V04;CIR_01_V05;CIR_01_V06;CIR_06_V01;VUE_02_V01;VUE_02_V02;VUE_02_V03;VUE_04_V01;CIR_04_V01;CIR_03_V01;CIR_02_V01;CIR_02_V02;CIR_02_V03;VUE_05_V01;VUE_05_V02;VUE_05_V03;VUE_02_V04;CIR_02_V04;CIR_02_V05;VUE_02_V05;VUE_07_V03;CIR_07_V03;VUE_08_V02;VUE_07_V01;CIR_07_V01;VUE_07_V02;CIR_07_V02;VUE_08_V01;VUE_08_V03;MIX_02_V01;MIX_02_V02;MIX_02_V03;MIX_02_V04;MIX_02_V05;MIX_04_V01;MIX_07_V01;MIX_07_V02;MIX_07_V03;S00;SEC_RI_S0_S1,,obra_gris,,Floors,,,,,Camino industrial,Camino industrial,Nivel 1,,,,obra_gris|Floors||Camino industrial,,,,346482,,,,,,,,fabb94cf-7f65-44ab-8d7f-91e893092829-00054972,,
,Subproyecto1,,,,CIR_01_V01;CIR_01_V02;CIR_01_V03;CIR_01_V04;CIR_01_V05;CIR_01_V06;CIR_06_V01;VUE_02_V01;VUE_02_V02;VUE_02_V03;VUE_04_V01;CIR_03_V01;CIR_02_V01;CIR_02_V02;CIR_02_V03;VUE_05_V01;VUE_05_V02;VUE_05_V03;VUE_02_V04;CIR_02_V04;CIR_02_V05;VUE_02_V05;VUE_07_V03;CIR_07_V03;VUE_08_V02;VUE_07_V01;CIR_07_V01;VUE_07_V02;CIR_07_V02;VUE_08_V01;VUE_08_V03;MIX_02_V01;MIX_02_V02;MIX_02_V03;MIX_02_V04;MIX_02_V05;MIX_07_V01;MIX_07_V02;MIX_07_V03;SEC_RI_S0_S1,,obra_gris,,Floors,,,,,Camino industrial,Camino industrial,Nivel 1,,,,obra_gris|Floors||Camino industrial,,,,346511,,,,,,,,fabb94cf-7f65-44ab-8d7f-91e893092829-0005498f,,
,Subproyecto1,,,,CIR_05_V02;VUE_08_V03,,obra_gris,,Floors,,,,,Camino industrial,Camino industrial,Nivel 1,,,,obra_gris|Floors||Camino industrial,,,,346845,,,,,,,,fabb94cf-7f65-44ab-8d7f-91e893092829-00054add,,
,Subproyecto1,,,,VUE_01_V06;CIR_02_V01;CIR_02_V02;CIR_02_V03;VUE_05_V02;VUE_05_V03;VUE_01_V01;VUE_01_V02;VUE_01_V04;CIR_01_V05;CIR_02_V04;CIR_02_V05;VUE_05_V01;VUE_01_V03;CIR_07_V03;VUE_08_V02;CIR_07_V01;CIR_07_V02;VUE_08_V01;CIR_08_V01;VUE_08_V03;CIR_08_V03;MIX_08_V01;MIX_08_V03,,obra_gris,,Floors,,,,,Camino industrial,Camino industrial,Nivel 1,,,,obra_gris|Floors||Camino industrial,,,,347929,,,,,,,,3ec87023-e84e-4e13-a375-1906567f52e8-00054f19,,
,Subproyecto1,,,,VUE_02_V02;VUE_02_V03;VUE_04_V01;CIR_04_V01;CIR_03_V01;VUE_02_V01;CIR_02_V01;CIR_02_V02;CIR_02_V03;VUE_05_V01;VUE_05_V02;VUE_05_V03;CIR_01_V06;CIR_06_V01;CIR_01_V01;CIR_01_V04;CIR_01_V05;VUE_02_V04;CIR_02_V04;CIR_02_V05;VUE_02_V05;CIR_01_V02;CIR_01_V03;VUE_07_V03;CIR_07_V03;VUE_08_V02;VUE_07_V01;CIR_07_V01;VUE_07_V02;CIR_07_V02;VUE_08_V01;VUE_08_V03;MIX_02_V01;MIX_02_V02;MIX_02_V03;MIX_02_V04;MIX_02_V05;MIX_04_V01;MIX_07_V01;MIX_07_V02;MIX_07_V03;SEC_RI_S2_S3,,obra_gris,,Floors,,,,,Camino industrial,Camino industrial,Nivel 1,,,,obra_gris|Floors||Camino industrial,,,,348424,,,,,,,,3ec87023-e84e-4e13-a375-1906567f52e8-00055108,,
,Subproyecto1,,,,,,obra_gris,,Floors,,,,,Camino industrial,Camino industrial,TRAMOS,,,,obra_gris|Floors||Camino industrial,,,,349462,,,,,,,,9c8673a2-10c6-4e08-9253-d2bd179cc591-00055516,,
,Subproyecto1,,,,VUE_01_V01;VUE_01_V02;VUE_01_V03;VUE_01_V04;VUE_01_V0;VUE_03_V01;VUE_01_V06;CIR_02_V01;CIR_02_V02;CIR_02_V03;VUE_05_V02;VUE_05_V03;VUE_01_V05;CIR_02_V04;CIR_02_V05;VUE_05_V01;CIR_07_V03;VUE_08_V02;CIR_07_V01;CIR_07_V02;VUE_08_V01;VUE_08_V03,,obra_gris,,Floors,,,,,Camino industrial,Camino industrial,Nivel 1,,,,obra_gris|Floors||Camino industrial,,,,350334,,,,,,,,2296832b-7fab-4649-88c3-635c62eee05f-0005587e,,
,Subproyecto1,,,,VUE_01_V01;VUE_01_V02;VUE_01_V03;VUE_01_V0;CIR_01_V06;CIR_01_V05;CIR_02_V01;CIR_02_V02;CIR_02_V03;CIR_05_V01;VUE_05_V03;CIR_01_V04;VUE_02_V04;VUE_02_V05;CIR_05_V02;CIR_07_V03;VUE_08_V02;CIR_07_V01;CIR_07_V02;VUE_08_V01;CIR_08_V01;VUE_08_V03;CIR_08_V03;MIX_08_V01;MIX_08_V03,,obra_gris,,Floors,,,,,Camino industrial,Camino industrial,Nivel 1,,,,obra_gris|Floors||Camino industrial,,,,351937,,,,,,,,091dc5e0-fb45-4e25-9884-f15a7679f05b-00055ec1,,
,Subproyecto1,,,,CIR_07_V01;CIR_08_V01,,obra_gris,,Floors,,,,,Camino industrial,Camino industrial,Nivel 1,,,,obra_gris|Floors||Camino industrial,,,,354907,,,,,,,,41e94825-aa82-4f02-a54d-042792e97b63-00056a5b,,
,Subproyecto1,,,,S6,,otros,,Generic Models,,,,,Familia1,Familia1,Nivel 1,,,,otros|Generic Models|Familia1|Familia1,,,,356166,Familia1,,,,,,,89d80083-7f90-4c4e-9976-2c964b3a803b-00056f46,,
,Subproyecto1,,,,S7,,otros,,Generic Models,,,,,Familia1,Familia1,Nivel 1,,,,otros|Generic Models|Familia1|Familia1,,,,356604,Familia1,,,,,,,89d80083-7f90-4c4e-9976-2c964b3a803b-000570fc,,
,Subproyecto1,,,,S8,,otros,,Generic Models,,,,,Familia1,Familia1,Nivel 1,,,,otros|Generic Models|Familia1|Familia1,,,,357054,Familia1,,,,,,,89d80083-7f90-4c4e-9976-2c964b3a803b-000572be,,
,Subproyecto1,,,,S9,,otros,,Generic Models,,,,,Familia1,Familia1,Nivel 1,,,,otros|Generic Models|Familia1|Familia1,,,,357907,Familia1,,,,,,,89d80083-7f90-4c4e-9976-2c964b3a803b-00057613,,
,Subproyecto1,,,,S9,,otros,,Generic Models,,,,,Familia1,Familia1,Nivel 1,,,,otros|Generic Models|Familia1|Familia1,,,,358391,Familia1,,,,,,,89d80083-7f90-4c4e-9976-2c964b3a803b-000577f7,,
